caminho_json,palavra,sugestões,contexto
$.εὗρον.pt,encontr,encontro | encontre | encontra,encontr(ei/aram)
$.ἔχεις.traducao,possues,possuem | possuis | posses | possuas | possuís,"tu tens, possues"
$.χιλίαρχος.traducao,quiliarca,quilharia | quizilara | quizilaria | quilhara,quiliarca
$.χιλίαρχος.pt,quiliarca,quilharia | quizilara | quizilaria | quilhara,quiliarca
$.Καισάρειαν.traducao,Cesareia,Cesária | Cesárea | Cessareis,Cesareia
$.Καισάρειαν.pt,Cesareia,Cesária | Cesárea | Cessareis,Cesareia
$.ἀπολύσω.traducao,despeda,despesa | despede | despedi | despida | despeja | despeça | despena | despedia | despega | despela | despede-a | despenda,"eu libere, despeda, mande embora, me divorcie"
$.Μελχισεδέκ.traducao,Melquisedeque,,Melquisedeque
$.Μελχισεδέκ.pt,Melquisedeque,,Melquisedeque
$.σαδδουκαίων.traducao,saduceus,caduceus | saduceu,dos saduceus
$.σαδδουκαίων.pt,saduceus,caduceus | saduceu,dos saduceus
$.Σαῦλος.traducao,Saulo,Paulo | Suado | Salo | Saul | Saúdo | Saudo | Saúl | Aulo | Saullo,Saulo
$.Σαῦλος.pt,Saulo,Paulo | Suado | Salo | Saul | Saúdo | Saudo | Saúl | Aulo | Saullo,Saulo
$.ζιζάνιά.traducao,joios,jogos | joias | joio | jóias | poios | moios | coiós,joios
$.ζιζάνιά.pt,joios,jogos | joias | joio | jóias | poios | moios | coiós,joios
$.ἐσάλπισεν.traducao,trompeteou,trombeteou,"ele(a) tocou trombeta, trompeteou"
$.Συμεών.traducao,Simeão,Simão | Simao,"Simeão, Simão"
$.Συμεών.pt,Simeão,Simão | Simao,Simeão
$.ἀπαρχὴ.traducao,primícia,primícias,primícia
$.ἀπαρχὴ.pt,primícia,primícias,primícia
$.Καισαρείας.traducao,Cesareia,Cesária | Cesárea | Cessareis,de Cesareia
$.Καισαρείας.pt,Cesareia,Cesária | Cesárea | Cessareis,de Cesareia
$.κεκράτηνται.traducao,reteram,meteram | retiram | reterem | regeram | reiteram | retesam | reterá | reterão | reteriam | releram | reterás,"eles(as) seguraram, agarraram, reteram, manteram, apreenderam"
$.κεκράτηνται.traducao,manteram,manterem | manterá | manterão | manteriam | mantera | manterás,"as) seguraram, agarraram, reteram, manteram, apreenderam"
$.Ἁλφαίου.traducao,Alfeu,Alceu | Alue,de Alfeu
$.Ἁλφαίου.pt,Alfeu,Alceu | Alue,de Alfeu
$.ἀπολύσῃ.traducao,despeda,despesa | despede | despedi | despida | despeja | despeça | despena | despedia | despega | despela | despede-a | despenda,"ele(a) libere, despeda, mande embora, se divorcie"
$.ἀφῆτε.traducao,despedais,despegais | despedias | despenais | despedis | despelais | despejais | despeçais | despendais,"s, perdoeis, canceleis, permitais, despedais (divorciar)"
$.Ἀχαία.traducao,Acaia,Acaba | Acata | Caia | Acácia | Acara | Acabai | Acatai | Acarai | Acará | Acama | Acadia | Acacia | Acamai,Acaia
$.Ἀχαία.pt,Acaia,Acaba | Acata | Caia | Acácia | Acara | Acabai | Acatai | Acarai | Acará | Acama | Acadia | Acacia | Acamai,Acaia
$.βαπτιστοῦ.traducao,batizador,batizado | batizados | balizador,do batizador
$.βαπτιστοῦ.pt,batizador,batizado | batizados | balizador,do batizador
$.Κηφᾶς.traducao,Cefas,Cenas | Cegas | Cevas | Cepas | Ceias | Ceras | Cedas | Celas | Cifas | Ceifas,Cefas
$.Κηφᾶς.pt,Cefas,Cenas | Cegas | Cevas | Cepas | Ceias | Ceras | Cedas | Celas | Cifas | Ceifas,Cefas
$.Κιλικίας.traducao,Cilícia,Milícia | Cilicia | Cilício | Cicília,da Cilícia
$.Κιλικίας.pt,Cilícia,Milícia | Cilicia | Cilício | Cicília,da Cilícia
$.Σαδδουκαῖοι.traducao,saduceus,caduceus | saduceu,saduceus
$.Σαδδουκαῖοι.pt,saduceus,caduceus | saduceu,saduceus
$.Ἁριμαθαίας.traducao,Arimatéia,Arimateia | Arrimaria | Arrimarei | Arrimareis,de Arimatéia
$.Ἁριμαθαίας.pt,Arimatéia,Arimateia | Arrimaria | Arrimarei | Arrimareis,de Arimatéia
$.ἀφῶμεν.traducao,despedamos,despedimos | despegamos | despejamos | despenamos | despelamos | despeçamos | despedíamos | despendamos,"perdoemos, cancelemos, permitamos, despedamos (divorciar)"
$.βαπτιστής.traducao,batizador,batizado | batizados | balizador,batizador
$.βαπτιστής.pt,batizador,batizado | batizados | balizador,batizador
$.Καιάφα.traducao,Caifás,Caixas | Caias | Coifas | Cairás | Caibas | Cifas | Ceifas | Cafifas | Taifas,de Caifás
$.Καιάφα.pt,Caifás,Caixas | Caias | Coifas | Cairás | Caibas | Cifas | Ceifas | Cafifas | Taifas,de Caifás
$.Κανὰ.traducao,Caná,Cana | Can | Cacá | Cano | Naná | Cajá | Cani | Cará | Aná | Saná | Maná | Caá | Canzá | Uaná,Caná
$.Κανὰ.pt,Caná,Cana | Can | Cacá | Cano | Naná | Cajá | Cani | Cará | Aná | Saná | Maná | Caá | Canzá | Uaná,Caná
$.ἐκράτησαν.traducao,reteram,meteram | retiram | reterem | regeram | reiteram | retesam | reterá | reterão | reteriam | releram | reterás,"eles(as) seguraram, agarraram, reteram, manteram, apreenderam"
$.ἐκράτησαν.traducao,manteram,manterem | manterá | manterão | manteriam | mantera | manterás,"as) seguraram, agarraram, reteram, manteram, apreenderam"
$.Σαῦλον.traducao,Saulo,Paulo | Suado | Salo | Saul | Saúdo | Saudo | Saúl | Aulo | Saullo,Saulo
$.Σαῦλον.pt,Saulo,Paulo | Suado | Salo | Saul | Saúdo | Saudo | Saúl | Aulo | Saullo,Saulo
$.χιλιάρχῳ.traducao,quiliarca,quilharia | quizilara | quizilaria | quilhara,ao quiliarca
$.χιλιάρχῳ.pt,quiliarca,quilharia | quizilara | quizilaria | quilhara,ao quiliarca
$.Ἀβιά.traducao,Abias,Aliás | Sabias | Abras | Alias | Sábias | Abas | Adias | Árias | Agias | Afias | Avias | Baias | Abbas | Abrias | Azias | Cabias | Lábias | Abais | Aias | Rabias | Abios | bAias | Abicas,Abias
$.Ἀβιά.pt,Abias,Aliás | Sabias | Abras | Alias | Sábias | Abas | Adias | Árias | Agias | Afias | Avias | Baias | Abbas | Abrias | Azias | Cabias | Lábias | Abais | Aias | Rabias | Abios | bAias | Abicas,Abias
$.ἀμίαντος.traducao,imaculado,imaculada | maculado | imaculados,imaculado
$.ἀμίαντος.pt,imaculado,imaculada | maculado | imaculados,imaculado
$.ἀπέχει.traducao,abstem,abatem | abstém | abster | bastem | abstêm | obstem | abastem,"le(a) se afasta, está distante, se abstem, recebe plenamente"
$.ἀπέχουσιν.traducao,abstem,abatem | abstém | abster | bastem | abstêm | obstem | abastem,"as) se afastam, estão distante, se abstem, recebem plenamente"
$.ἀπολλύμεθα.traducao,destruímo,destruído | destruímos | destrui-o | destruí-me | destruí-lo,"nós destruímo-nos, perecemos, perdemo-nos"
$.ἀπολλύμεθα.traducao,perdemo,perdemos | perdeu-o | perdem | perde-o | perde-me,"nós destruímo-nos, perecemos, perdemo-nos"
$.ἀπολλύμεθα.pt,destruímo,destruído | destruímos | destrui-o | destruí-me | destruí-lo,destruímo-nos
$.ἀφῇ.traducao,despeda,despesa | despede | despedi | despida | despeja | despeça | despena | despedia | despega | despela | despede-a | despenda,") deixe, perdoe, cancele, permita, despeda (divorciar)"
$.Ἀχαίας.traducao,Acaia,Acaba | Acata | Caia | Acácia | Acara | Acabai | Acatai | Acarai | Acará | Acama | Acadia | Acacia | Acamai,da Acaia
$.Ἀχαίας.pt,Acaia,Acaba | Acata | Caia | Acácia | Acara | Acabai | Acatai | Acarai | Acará | Acama | Acadia | Acacia | Acamai,da Acaia
$.βαπτιστήν.traducao,batizador,batizado | batizados | balizador,batizador
$.βαπτιστήν.pt,batizador,batizado | batizados | balizador,batizador
$.Βηθσαιδά.traducao,Betsaida,Bestada | Bestiaga,Betsaida
$.Βηθσαιδά.pt,Betsaida,Bestada | Bestiaga,Betsaida
$.Βηθφαγὴ.traducao,Betfagé,,Betfagé
$.Βηθφαγὴ.pt,Betfagé,,Betfagé
$.Γαλατίας.traducao,Galácia,Falácia | Galáxia | Galicia | Galícia | Malacia | Galaria | Glacia,da Galácia
$.Γαλατίας.pt,Galácia,Falácia | Galáxia | Galicia | Galícia | Malacia | Galaria | Glacia,da Galácia
$.Γεννησαρέτ.traducao,Genesaré,,Genesaré
$.Γεννησαρέτ.pt,Genesaré,,Genesaré
$.Γερασηνῶν.traducao,Gerasenos,Geraremos | Gerássemos | Geríssemos,dos Gerasenos
$.Γερασηνῶν.pt,Gerasenos,Geraremos | Gerássemos | Geríssemos,dos Gerasenos
$.Γεργεσηνῶν.traducao,Gergesenos,,dos Gergesenos
$.Γεργεσηνῶν.pt,Gergesenos,,dos Gergesenos
$.Ἐφεσίων.traducao,efésios,Efésios | efésio,dos efésios
$.Ἐφεσίων.pt,efésios,Efésios | efésio,dos efésios
$.Ζοροβάβελ.traducao,Zorobabel,,Zorobabel
$.Ζοροβάβελ.pt,Zorobabel,,Zorobabel
$.Ἡρῳδιανῶν.traducao,herodianos,herodianns | hertzianos,dos herodianos
$.Ἡρῳδιανῶν.pt,herodianos,herodianns | hertzianos,dos herodianos
$.Ἰκονίῳ.traducao,Icônio,Iônio | Icônico,a Icônio
$.Ἰκονίῳ.pt,Icônio,Iônio | Icônico,a Icônio
$.ἕστηκα.traducao,ficei,fiquei | ficai | fixei | filei | fucei | focei | ricei | finei | fitei | fichei | fiei | vicei | jicei | icei | foicei,"sicionei, fui colocado, permaneci, ficei de pé, parei"
$.Καιάφας.traducao,Caifás,Caixas | Caias | Coifas | Cairás | Caibas | Cifas | Ceifas | Cafifas | Taifas,Caifás
$.Καιάφας.pt,Caifás,Caixas | Caias | Coifas | Cairás | Caibas | Cifas | Ceifas | Cafifas | Taifas,Caifás
$.Κηφᾶ.traducao,Cefas,Cenas | Cegas | Cevas | Cepas | Ceias | Ceras | Cedas | Celas | Cifas | Ceifas,de Cefas
$.Κηφᾶ.pt,Cefas,Cenas | Cegas | Cevas | Cepas | Ceias | Ceras | Cedas | Celas | Cifas | Ceifas,de Cefas
$.Κιλικίαν.traducao,Cilícia,Milícia | Cilicia | Cilício | Cicília,Cilícia
$.Κιλικίαν.pt,Cilícia,Milícia | Cilicia | Cilício | Cicília,Cilícia
$.κρατήσατε.traducao,retei,rezei | reter | terei | vetei | regei | retém | betei | remei | ratei | metei | relei | restei | fretei | rotei | retêm | reatei | reptei | gretei,"vós segurai, agarrai, retei, mantei, apreendei"
$.ἐκράτησεν.traducao,reteu,meteu | reter | retém | tetéu | regeu | releu | retêm | heteu,"ele(a) segurou, agarrou, reteu, manteu, apreendeu"
$.ἐκράτησεν.traducao,manteu,manter | mantém | mangue | manque | mantêm | maneta | mantel | mante,"ele(a) segurou, agarrou, reteu, manteu, apreendeu"
$.Λαοδικείᾳ.traducao,Laodicéia,,a Laodicéia
$.Λαοδικείᾳ.pt,Laodicéia,,a Laodicéia
$.Λυσίας.traducao,Lísias,Listas | Lisas | Líbias | Alísias,Lísias
$.Λυσίας.pt,Lísias,Listas | Lisas | Líbias | Alísias,Lísias
$.Ναασσών.traducao,Naasson,Nasço,Naasson
$.Ναασσών.pt,Naasson,Nasço,Naasson
$.Παμφυλίαν.traducao,Panfília,,Panfília
$.Παμφυλίαν.pt,Panfília,,Panfília
$.προφήτευσον.traducao,predize,predisse | predizer | predizem | predizes | predizei,"tu profetiza, predize"
$.Σαλαθιήλ.traducao,Salatiel,,Salatiel
$.Σαλαθιήλ.pt,Salatiel,,Salatiel
$.Σιλωάμ.traducao,Siloé,Silo | Silos | Silve | Silte,Siloé
$.Σιλωάμ.pt,Siloé,Silo | Silos | Silve | Silte,Siloé
$.Στεφανᾶ.traducao,Estéfano,Estefano,de Estéfano
$.Στεφανᾶ.pt,Estéfano,Estefano,de Estéfano
$.Τιβεριάδος.traducao,Tiberíades,,de Tiberíades
$.Τιβεριάδος.pt,Tiberíades,,de Tiberíades
$.Τρῳάδα.traducao,Trôade,Tríade | Troado,Trôade
$.Τρῳάδα.pt,Trôade,Tríade | Troado,Trôade
$.Τύχικος.traducao,Tíquico,,Tíquico
$.Τύχικος.pt,Tíquico,,Tíquico
$.Φρυγίαν.traducao,Frígia,Frigia | Frigi | Frigir | Frigiu | Frigida | Frígida | Frígiá | Frigis | Frigiam | Frigira | Frigias | Erigia,Frígia
$.Φρυγίαν.pt,Frígia,Frigia | Frigi | Frigir | Frigiu | Frigida | Frígida | Frígiá | Frigis | Frigiam | Frigira | Frigias | Erigia,Frígia
$.χάρητε.traducao,sejai,seja | sejam | sejas | secai | sevai | selai | sujai | sejais | segai | sedai | pejai,vós sejai cheios de alegria
$.χάρητε.pt,sejai,seja | sejam | sejas | secai | sevai | selai | sujai | sejais | segai | sedai | pejai,sejai cheios de alegria
$.χιλίαρχον.traducao,quiliarca,quilharia | quizilara | quizilaria | quilhara,quiliarca
$.χιλίαρχον.pt,quiliarca,quilharia | quizilara | quizilaria | quilhara,quiliarca
$.Ἀβιούδ.traducao,Abiúde,Amiúde,Abiúde
$.Ἀβιούδ.pt,Abiúde,Amiúde,Abiúde
$.Ἄγαβος.traducao,Ágabo,Acabo,Ágabo
$.Ἄγαβος.pt,Ágabo,Acabo,Ágabo
$.ἀπαρχήν.traducao,primícia,primícias,primícia
$.ἀπαρχήν.pt,primícia,primícias,primícia
$.ἀπέλθητε.traducao,seguais,sexuais | seguias | seguis | segurais | esguias | segais | segueis,"vós partais, vades embora, seguais"
$.ἀπέρχῃ.traducao,seguas,segue-as | éguas | seguis | seguras | réguas | léguas | segui-as | seguias | segas,"tu partas, vás embora, seguas"
$.Ἀρχίππῳ.traducao,Arquipo,Arquivo,a Arquipo
$.Ἀρχίππῳ.pt,Arquipo,Arquivo,a Arquipo
$.ἄσπιλον.traducao,imaculada,imaculado | maculada | imaculadas,imaculada
$.ἄσπιλον.pt,imaculada,imaculado | maculada | imaculadas,imaculada
$.ἀφίημι.traducao,despedo,despedi | despede | despeço | despido | despejo | despelo | despeso | despego | despedi-o | despendo,"u deixo, perdoo, cancelo, permito, despedo (divorciar)"
$.ἀφιέτω.traducao,despeda,despesa | despede | despedi | despida | despeja | despeça | despena | despedia | despega | despela | despede-a | despenda,") deixe, perdoe, cancele, permita, despeda (divorciar)"
$.Ἀχάζ.traducao,Acaz,Afaz | Arcaz,Acaz
$.Ἀχάζ.pt,Acaz,Afaz | Arcaz,Acaz
$.Ἀχαίαν.traducao,Acaia,Acaba | Acata | Caia | Acácia | Acara | Acabai | Acatai | Acarai | Acará | Acama | Acadia | Acacia | Acamai,Acaia
$.Ἀχαίαν.pt,Acaia,Acaba | Acata | Caia | Acácia | Acara | Acabai | Acatai | Acarai | Acará | Acama | Acadia | Acacia | Acamai,Acaia
$.Ἀχίμ.traducao,Aquim,Aqui | Aquém,Aquim
$.Ἀχίμ.pt,Aquim,Aqui | Aquém,Aquim
$.Ἀχείμ.traducao,Aquim,Aqui | Aquém,Aquim
$.Ἀχείμ.pt,Aquim,Aqui | Aquém,Aquim
$.Βαρσαββᾶν.traducao,Barsabás,Barrabás | Barbasses,Barsabás
$.Βαρσαββᾶν.pt,Barsabás,Barrabás | Barbasses,Barsabás
$.Βηθσαιδάν.traducao,Betsaida,Bestada | Bestiaga,Betsaida
$.Βηθσαιδάν.pt,Betsaida,Bestada | Bestiaga,Betsaida
$.Δεκαπόλεως.traducao,Decápolis,Decápodes,de Decápolis
$.Δεκαπόλεως.pt,Decápolis,Decápodes,de Decápolis
$.Ἐλιούδ.traducao,Eliúde,Eliade | Elide | Elude,Eliúde
$.Ἐλιούδ.pt,Eliúde,Eliade | Elide | Elude,Eliúde
$.ἐξομολογοῦμαί.traducao,reconheco,reconheço | reconhece | reconheci | reconhece-o | reconheça | reconheci-o,"eu reconheco, confesso, agradeco, louvo"
$.ἐξομολογοῦμαί.traducao,agradeco,agradeço | agradeci | agradece | agradeça,"eu reconheco, confesso, agradeco, louvo"
$.ἐξομολογοῦμαί.pt,reconheco,reconheço | reconhece | reconheci | reconhece-o | reconheça | reconheci-o,reconheco
$.Ἐπαφρᾶς.traducao,Epafro,,Epafro
$.Ἐπαφρᾶς.pt,Epafro,,Epafro
$.Ἔραστος.traducao,Erasto,Erasmo | Rasto | Erato,Erasto
$.Ἔραστος.pt,Erasto,Erasmo | Rasto | Erato,Erasto
$.ἑρμηνεύεται.traducao,traduze,traduza | traduz | traduzi | traduzo | traduzem | traduz-se | traduz-me | traduzes | traduz-te,"ele(a) interpreta, traduze, explica"
$.ἑρπετὰ.traducao,coisos,coisas | coiso | ciosos | coesos | corsos | poisos | coiros | coiós,coisos rasteira
$.ἑρπετὰ.pt,coisos,coisas | coiso | ciosos | coesos | corsos | poisos | coiros | coiós,coisos rasteira
$.ἑρπετῶν.traducao,coisos,coisas | coiso | ciosos | coesos | corsos | poisos | coiros | coiós,dos coisos rasteira
$.ἑρπετῶν.pt,coisos,coisas | coiso | ciosos | coesos | corsos | poisos | coiros | coiós,dos coisos rasteira
$.εὕρητε.traducao,descobrais,descobrias | descobris | desdobrais | descubrais | descorais,"vós encontreis, descobrais, obtenhais"
$.εὗρες.traducao,obteste,,"tu encontraste, descobriste, obteste"
$.Ζακχαῖος.traducao,Zaqueu,,Zaqueu
$.Ζακχαῖος.pt,Zaqueu,,Zaqueu
$.Θεσσαλονίκην.traducao,Tessalônica,,Tessalônica
$.Θεσσαλονίκην.pt,Tessalônica,,Tessalônica
$.Θεσσαλονίκῃ.traducao,Tessalônica,,à Tessalônica
$.Θεσσαλονίκῃ.pt,Tessalônica,,à Tessalônica
$.Θυατείροις.traducao,Tiatira,Titara | Tintaria,aos Tiatira
$.Θυατείροις.pt,Tiatira,Titara | Tintaria,aos Tiatira
$.Θωμᾶν.traducao,tomá,toma | tome | tomo | tomé | torá | tobá,tomá
$.Θωμᾶν.pt,tomá,toma | tome | tomo | tomé | torá | tobá,tomá
$.Ἰκόνιον.traducao,Icônio,Iônio | Icônico,Icônio
$.Ἰκόνιον.pt,Icônio,Iônio | Icônico,Icônio
$.Καιάφαν.traducao,Caifás,Caixas | Caias | Coifas | Cairás | Caibas | Cifas | Ceifas | Cafifas | Taifas,Caifás
$.Καιάφαν.pt,Caifás,Caixas | Caias | Coifas | Cairás | Caibas | Cifas | Ceifas | Cafifas | Taifas,Caifás
$.Καινάμ.traducao,Cainam,Caíram | Caiam | Caibam | Caíam | Capinam | Cainham | Çanam,Cainam
$.Καινάμ.pt,Cainam,Caíram | Caiam | Caibam | Caíam | Capinam | Cainham | Çanam,Cainam
$.Κενχρεαῖς.traducao,Cencréia,Cerceia | Cerceai,às Cencréia
$.Κενχρεαῖς.pt,Cencréia,Cerceia | Cerceai,às Cencréia
$.κρατεῖτε.traducao,reteis,répteis | retais | tereis | meteis | rateis | regeis | rezeis | veteis | remeis | eréteis | resteis | freteis | beteis | greteis | reateis | reténs | repteis,"vós segurais, agarrais, reteis, manteis, apreendeis"
$.ἐκρατήσατέ.traducao,retestes,metestes | regestes | relestes | revestes | detestes | reteses,"vós segurastes, agarrastes, retestes, mantestes, apreendestes"
$.εἴληφας.traducao,obteste,,"tu tomaste, recebeste, obteste"
$.ἔλαβες.traducao,obteste,,"tu tomaste, recebeste, obteste"
$.λίθου.traducao,pedro,Pedro | pedra | Pedrão | cedro | pedi-o | podre | perro | medro | pêro | redro,do pedro
$.λίθου.pt,pedro,Pedro | pedra | Pedrão | cedro | pedi-o | podre | perro | medro | pêro | redro,do pedro
$.λύχνου.traducao,lâmpado,lâmpada | limpado | tampado,do lâmpado
$.λύχνου.pt,lâmpado,lâmpada | limpado | tampado,do lâmpado
$.Ματταθίου.traducao,Matatias,Matarias | Mattias | Matutais | Matagais,do Matatias
$.Ματταθίου.pt,Matatias,Matarias | Mattias | Matutais | Matagais,do Matatias
$.Μελχὶ.traducao,Melqui,,Melqui
$.Μελχὶ.pt,Melqui,,Melqui
$.Μυσίαν.traducao,mísia,mídia | missa | mista | míssil | símia,mísia
$.Μυσίαν.pt,mísia,mídia | missa | mista | míssil | símia,mísia
$.Νικολαϊτῶν.traducao,nicolaítas,,dos nicolaítas
$.Νικολαϊτῶν.pt,nicolaítas,,dos nicolaítas
$.Νινευῖται.traducao,ninivitas,,ninivitas
$.Νινευῖται.pt,ninivitas,,ninivitas
$.Ὀνησιφόρου.traducao,Onesíforo,,do Onesíforo
$.Ὀνησιφόρου.pt,Onesíforo,,do Onesíforo
$.Παμφυλίας.traducao,panfília,,da panfília
$.Παμφυλίας.pt,panfília,,da panfília
$.παραπτωμάτων.traducao,ofensos,ofensas | ofensor | ofensões,dos ofensos
$.παραπτωμάτων.pt,ofensos,ofensas | ofensor | ofensões,dos ofensos
$.Πάφου.traducao,Pafos,Patos | Pagos | Panos | Papos | Paços | Paros | Bafos | Pados | Safos | Paios | Palos | Gafos,da Pafos
$.Πάφου.pt,Pafos,Patos | Pagos | Panos | Papos | Paços | Paros | Bafos | Pados | Safos | Paios | Palos | Gafos,da Pafos
$.Πισιδίαν.traducao,Psídia,,Psídia
$.Πισιδίαν.pt,Psídia,,Psídia
$.ἐπλανήθησαν.traducao,saido,saído | saindo | saio | saldo | sido | saída | sai-o | caído | sabido | sadio | saudo | sado | Sado | saúdo | saí-o | sardo | saídos | siado | saião | saibo | soído,"eles(as) foram desviado, foram saido do caminho"
$.πορεύωμαι.traducao,prossegua,prossegue | prossegui | prosseguia,"eu vá, prossegua, viaje"
$.προειρημένων.traducao,prevido,previno | provido | prévio | revido | premido | previd. | próvido,"tendo se prevido, tendo se dito de antemão"
$.προειρημένων.pt,prevido,previno | provido | prévio | revido | premido | previd. | próvido,tendo se prevido
$.πρόσκομμα.traducao,pedro,Pedro | pedra | Pedrão | cedro | pedi-o | podre | perro | medro | pêro | redro,pedro de tropeço
$.πρόσκομμα.pt,pedro,Pedro | pedra | Pedrão | cedro | pedi-o | podre | perro | medro | pêro | redro,pedro de tropeço
$.πτύον.traducao,joeirador,joeirados | joeirado,garfo joeirador
$.πτύον.pt,joeirador,joeirados | joeirado,garfo joeirador
$.Σαδώκ.traducao,Zadoque,Padoque | Hadoque,Zadoque
$.Σαδώκ.pt,Zadoque,Padoque | Hadoque,Zadoque
$.Σαλήμ.traducao,Salém,Além | Sabem | Falem | Sarem | Saem | Valem | Salvem | Calem | Salim | Selem | Saltem | Salem | Dalém | Safem | Solem | Galem | Talem | Balem | Salam | Saldem | Sanem | Ralem,Salém
$.Σαλήμ.pt,Salém,Além | Sabem | Falem | Sarem | Saem | Valem | Salvem | Calem | Salim | Selem | Saltem | Salem | Dalém | Safem | Solem | Galem | Talem | Balem | Salam | Saldem | Sanem | Ralem,Salém
$.Σαύλου.traducao,Saulo,Paulo | Suado | Salo | Saul | Saúdo | Saudo | Saúl | Aulo | Saullo,do Saulo
$.Σαύλου.pt,Saulo,Paulo | Suado | Salo | Saul | Saúdo | Saudo | Saúl | Aulo | Saullo,do Saulo
$.σκανδάλου.traducao,pedro,Pedro | pedra | Pedrão | cedro | pedi-o | podre | perro | medro | pêro | redro,de pedro de tropeço
$.σκανδάλου.pt,pedro,Pedro | pedra | Pedrão | cedro | pedi-o | podre | perro | medro | pêro | redro,de pedro de tropeço
$.Συχέμ.traducao,Siquém,Fiquem | Sique | Situem | Sequem | Soquem | Piquem | Saquem | Isquem | Biquem,Siquém
$.Συχέμ.pt,Siquém,Fiquem | Sique | Situem | Sequem | Soquem | Piquem | Saquem | Isquem | Biquem,Siquém
$.Τρόφιμον.traducao,Trófimo,Trófico,Trófimo
$.Τρόφιμον.pt,Trófimo,Trófico,Trófimo
$.Τρῳάδι.traducao,Trôade,Tríade | Troado,à Trôade
$.Τρῳάδι.pt,Trôade,Tríade | Troado,à Trôade
$.Τύχικον.traducao,Tíquico,,Tíquico
$.Τύχικον.pt,Tíquico,,Tíquico
$.Φιλίπποις.traducao,Filipos,Filhos | Filippos,aos Filipos
$.Φιλίπποις.pt,Filipos,Filhos | Filippos,aos Filipos
$.χοῦν.traducao,poeiro,poeira | poleiro | Soeiro | joeiro | poceiro,poeiro
$.χοῦν.pt,poeiro,poeira | poleiro | Soeiro | joeiro | poceiro,poeiro
$.Χοραζίν.traducao,Corazin,Coriza | Corazon | Corizas,Corazin
$.Χοραζίν.pt,Corazin,Coriza | Corazon | Corizas,Corazin
$.Ἀβαδδών.traducao,abadom,abado | abados | abadam | abadou | abadem,abadom
$.Ἀβαδδών.pt,abadom,abado | abados | abadam | abadou | abadem,abadom
$.Ἀδραμυττηνῷ.traducao,Adramitino,Adamantino,ao Adramitino
$.Ἀδραμυττηνῷ.pt,Adramitino,Adamantino,ao Adramitino
$.Αἰνέα.traducao,Enéias,Envias | Enéas | Enfias | Enteias,Enéias
$.Αἰνέα.pt,Enéias,Envias | Enéas | Enfias | Enteias,Enéias
$.Αἰνέαν.traducao,Enéias,Envias | Enéas | Enfias | Enteias,Enéias
$.Αἰνέαν.pt,Enéias,Envias | Enéas | Enfias | Enteias,Enéias
$.ἀκρογωνιαίου.traducao,pedro,Pedro | pedra | Pedrão | cedro | pedi-o | podre | perro | medro | pêro | redro,do pedro angular
$.ἀκρογωνιαίου.pt,pedro,Pedro | pedra | Pedrão | cedro | pedi-o | podre | perro | medro | pêro | redro,do pedro angular
$.ἀκρογωνιαῖον.traducao,pedro,Pedro | pedra | Pedrão | cedro | pedi-o | podre | perro | medro | pêro | redro,pedro angular
$.ἀκρογωνιαῖον.pt,pedro,Pedro | pedra | Pedrão | cedro | pedi-o | podre | perro | medro | pêro | redro,pedro angular
$.ἀμίαντον.traducao,imaculada,imaculado | maculada | imaculadas,imaculada
$.ἀμίαντον.pt,imaculada,imaculado | maculada | imaculadas,imaculada
$.Ἀμφίπολιν.traducao,Anfípolis,Antílopes,Anfípolis
$.Ἀμφίπολιν.pt,Anfípolis,Antílopes,Anfípolis
$.ἀντιλέγει.traducao,contradize,contradizer | contradisse | contradizem | contradiz-se | contradizes | contradizei | contradite | contradiz-te,"ele(a) fala contra, se ope, contradize"
$.ἀντιλέγεται.traducao,contradize,contradizer | contradisse | contradizem | contradiz-se | contradizes | contradizei | contradite | contradiz-te,"ele(a) fala contra, se ope, contradize"
$.Ἀντιπατρίδα.traducao,antipátrida,Antártida,antipátrida
$.Ἀντιπατρίδα.pt,antipátrida,Antártida,antipátrida
$.ἀντίτυπα.traducao,antítipos,antítipo,antítipos
$.ἀντίτυπα.pt,antítipos,antítipo,antítipos
$.ἀπέχεσθε.traducao,abstei,abster | abatei | bastei | abstém | obstei | abastei | abstêm | basteei,"vós afastai-vos, estai distante, abstei-vos, recebei plenamente"
$.ἀπέχετε.traducao,absteis,abateis | obsteis | basteis | basteeis | absténs | abasteis,"vos afastais, estais distante, vos absteis, recebeis plenamente"
$.ἀπέχῃς.traducao,abstas,bastas | abatas | obstas | abzstas | abastas,"u te afastes, estejas distante, te abstas, recebas plenamente"
$.ἀπεῖχεν.traducao,abstia,abatia | bastia | Bastia | bastai | abstida | abatis,") se afastava, estava distante, se abstia, recebia plenamente"
$.ἀπόκριμα.traducao,resposto,resposta | reposto,resposto
$.ἀπόκριμα.pt,resposto,resposta | reposto,resposto
$.Ἀπολλύων.traducao,Apoliom,,Apoliom
$.Ἀπολλύων.pt,Apoliom,,Apoliom
$.Ἀπολλωνίαν.traducao,Apolônia,Apolônio | Polônia | Apologia,Apolônia
$.Ἀπολλωνίαν.pt,Apolônia,Apolônio | Polônia | Apologia,Apolônia
$.ἀπολύσῃς.traducao,despedas,despesas | despesa | despensa | despedes | despidas | despegas | despeças | despejas | despelas | despedis | despede-as | despenas | despedias | despendas,"tu liberes, despedas, mandes embora, te divorcies"
$.ἀποστερεῖσθε.traducao,reteis,répteis | retais | tereis | meteis | rateis | regeis | rezeis | veteis | remeis | eréteis | resteis | freteis | beteis | greteis | reateis | reténs | repteis,"vós defraudais, privais, roubais, reteis"
$.Ἀππίου.traducao,ápio,pio | ágio | ópio | opio | ásio,do fórum ápio
$.Ἀππίου.pt,ápio,pio | ágio | ópio | opio | ásio,do fórum ápio
$.Ἀπφίᾳ.traducao,áfia,afia | fia | ária | máfia | ráfia,à áfia
$.Ἀπφίᾳ.pt,áfia,afia | fia | ária | máfia | ráfia,à áfia
$.Ἀρφαξάδ.traducao,Arfaxade,,Arfaxade
$.Ἀρφαξάδ.pt,Arfaxade,,Arfaxade
$.Ἀρχέλαος.traducao,Arquelau,,Arquelau
$.Ἀρχέλαος.pt,Arquelau,,Arquelau
$.Ἀσιαρχῶν.traducao,asiarcas,,dos asiarcas
$.Ἀσιαρχῶν.pt,asiarcas,,dos asiarcas
$.ἀσπίλου.traducao,imaculado,imaculada | maculado | imaculados,do imaculado
$.ἀσπίλου.pt,imaculado,imaculada | maculado | imaculados,do imaculado
$.ἄσπιλοι.traducao,imaculados,imaculadas | maculados,imaculados
$.ἄσπιλοι.pt,imaculados,imaculadas | maculados,imaculados
$.ἀσσαρίου.traducao,assarion,,de assarion
$.ἀσσαρίου.pt,assarion,,de assarion
$.ἀσσαρίων.traducao,assarions,assassinos,dos assarions
$.ἀσσαρίων.pt,assarions,assassinos,dos assarions
$.Ἀττάλειαν.traducao,Atália,Itália | Natália | Avalia | Anália | Atalaia | Amália | Tália | Ataria | Atalha | Atavia | Amalia,Atália
$.Ἀττάλειαν.pt,Atália,Itália | Natália | Avalia | Anália | Atalaia | Amália | Tália | Ataria | Atalha | Atavia | Amalia,Atália
$.Ἀχαϊκοῦ.traducao,acaico,arcaico | acalco,do acaico
$.Ἀχαϊκοῦ.pt,acaico,arcaico | acalco,do acaico
$.Βαλὰκ.traducao,Balaque,,Balaque
$.Βαλὰκ.pt,Balaque,,Balaque
$.Βαραχίου.traducao,barachio,,do barachio
$.Βαραχίου.pt,barachio,,do barachio
$.Βαρτίμαιος.traducao,Bartimeu,Bartomeu,Bartimeu
$.Βαρτίμαιος.pt,Bartimeu,Bartomeu,Bartimeu
$.Βέροιαν.traducao,Beréia,Sereia | Berrai | Beria | Breia,Beréia
$.Βέροιαν.pt,Beréia,Sereia | Berrai | Beria | Breia,Beréia
$.Βεροίᾳ.traducao,Beréia,Sereia | Berrai | Beria | Breia,à Beréia
$.Βεροίᾳ.pt,Beréia,Sereia | Berrai | Beria | Breia,à Beréia
$.Βεροιαῖος.traducao,Bereano,Beberrona,Bereano
$.Βεροιαῖος.pt,Bereano,Beberrona,Bereano
$.Βηθζαθά.traducao,Betesda,Bethesda | Betesga,Betesda
$.Βηθζαθά.pt,Betesda,Bethesda | Betesga,Betesda
$.Βιθυνίαν.traducao,Bitínia,,Bitínia
$.Βιθυνίαν.pt,Bitínia,,Bitínia
$.Βιθυνίας.traducao,Bitínia,,da Bitínia
$.Βιθυνίας.pt,Bitínia,,da Bitínia
$.Βοσόρ.traducao,Bosor,Boro | Bolor | Bogor | Bóson,Bosor
$.Βοσόρ.pt,Bosor,Boro | Bolor | Bogor | Bóson,Bosor
$.βουλὰς.traducao,conselhas,conselhos | aconselhas,conselhas
$.βουλὰς.pt,conselhas,conselhos | aconselhas,conselhas
$.βουλῆς.traducao,conselha,conselho | aconselha,da conselha
$.βουλῆς.pt,conselha,conselho | aconselha,da conselha
$.Γαββαθά.traducao,Gábata,Tábata | Abata | Gabava | Gabada | Gabara | Gabarra,Gábata
$.Γαββαθά.pt,Gábata,Tábata | Abata | Gabava | Gabada | Gabara | Gabarra,Gábata
$.Γαδαρηνῶν.traducao,Gadarenos,Gabaremos | Galaremos | Gamaremos | Gafaremos,dos Gadarenos
$.Γαδαρηνῶν.pt,Gadarenos,Gabaremos | Galaremos | Gamaremos | Gafaremos,dos Gadarenos
$.Γαλατίαν.traducao,Galácia,Falácia | Galáxia | Galicia | Galícia | Malacia | Galaria | Glacia,Galácia
$.Γαλατίαν.pt,Galácia,Falácia | Galáxia | Galicia | Galícia | Malacia | Galaria | Glacia,Galácia
$.γερουσίαν.traducao,conselha,conselho | aconselha,conselha de anciãos
$.γερουσίαν.pt,conselha,conselho | aconselha,conselha de anciãos
$.γράμμα.traducao,carto,certo | carro | carta | cartão | caro | corto | canto | cardo | curto | cacto | cargo | farto | parto | cauto | Carmo | carrão | carão | corta | cato | carpo | capto | casto | cario | darto | cart. | acarto | carito | caritó | harto,carto
$.γράμμα.pt,carto,certo | carro | carta | cartão | caro | corto | canto | cardo | curto | cacto | cargo | farto | parto | cauto | Carmo | carrão | carão | corta | cato | carpo | capto | casto | cario | darto | cart. | acarto | carito | caritó | harto,carto
$.γράμματι.traducao,carto,certo | carro | carta | cartão | caro | corto | canto | cardo | curto | cacto | cargo | farto | parto | cauto | Carmo | carrão | carão | corta | cato | carpo | capto | casto | cario | darto | cart. | acarto | carito | caritó | harto,a carto
$.γράμματι.pt,carto,certo | carro | carta | cartão | caro | corto | canto | cardo | curto | cacto | cargo | farto | parto | cauto | Carmo | carrão | carão | corta | cato | carpo | capto | casto | cario | darto | cart. | acarto | carito | caritó | harto,a carto
$.Γὼγ.traducao,Gogue,Jogue | Rogue | Vogue | Grogue | Dogue | Sogue | Togue | Iogue | Logue,Gogue
$.Γὼγ.pt,Gogue,Jogue | Rogue | Vogue | Grogue | Dogue | Sogue | Togue | Iogue | Logue,Gogue
$.Δαλμανουθά.traducao,Dalmanuta,,Dalmanuta
$.Δαλμανουθά.pt,Dalmanuta,,Dalmanuta
$.Δάμαρις.traducao,Damares,Danares | Damaris | Mamares | Domares | Datares | Gamares | Damáris,Damares
$.Δάμαρις.pt,Damares,Danares | Damaris | Mamares | Domares | Datares | Gamares | Damáris,Damares
$.Δεκαπόλει.traducao,Decápolis,Decápodes,à Decápolis
$.Δεκαπόλει.pt,Decápolis,Decápodes,à Decápolis
$.Δερβαῖος.traducao,derbeano,,derbeano
$.Δερβαῖος.pt,derbeano,,derbeano
$.διαφθείρει.traducao,arruína,arruina | arruinar | arruine | arruinam | arruinas | arruino | arruinai | arruínz,"ele(a) destrói, corrompe, arruína, estraga"
$.διαφθείρεται.traducao,arruína,arruina | arruinar | arruine | arruinam | arruinas | arruino | arruinai | arruínz,"ele(a) destrói, corrompe, arruína, estraga"
$.Διονύσιος.traducao,dionísio,Dionísio | Dionisio | Dionísios | Dioniso,dionísio
$.Διονύσιος.pt,dionísio,Dionísio | Dionisio | Dionísios | Dioniso,dionísio
$.Διοτρέφης.traducao,Diótrofes,Distorces,Diótrofes
$.Διοτρέφης.pt,Diótrofes,Distorces,Diótrofes
$.διώξητε.traducao,perseguais,perseguis | perseguias,"vós perseguais, avanceis"
$.διώξητε.pt,perseguais,perseguis | perseguias,perseguais
$.διώξωσιν.traducao,perseguam,perseguem | perseguiam,"eles(as) perseguam, avancem"
$.διώξωσιν.pt,perseguam,perseguem | perseguiam,perseguam
$.δοκῇ.traducao,pareca,parece | pareça | careca | parecia | pareço | apareça | parca | pareci | pareçam | pereça | padeça | careça | pareças | apreça | párea,"ele(a) pense, pareca, suponha, tenha opinião"
$.δόξω.traducao,parecas,pareces | parecias | carecas | pareçam | parcas | apareças | pareças | pereças | padeças | careças | apreças | páreas | pareçais,"tu penses, parecas, suponhas, tenhas opinião"
$.Δρουσίλλῃ.traducao,Drusila,Drusilla,à Drusila
$.Δρουσίλλῃ.pt,Drusila,Drusilla,à Drusila
$.ἔγγυος.traducao,fianço,fiança | franco | fiasco | flanco | fiando | finco | afianço,fianço
$.ἔγγυος.pt,fianço,fiança | franco | fiasco | flanco | fiando | finco | afianço,fianço
$.ἐθνάρχης.traducao,etnarca,entrada | entrava | entrança | entrara | entrapa,etnarca
$.ἐθνάρχης.pt,etnarca,entrada | entrava | entrança | entrara | entrapa,etnarca
$.ἕκαστοι.traducao,cados,casos | dados | caros | caos | canos | lados | gados | cado | nados | cabos | calos | cacos | caldos | fados | caídos | cavos | cardos | pados | ceados | coados | capôs | içados | ciados | cadoz | codas | cudos,cados
$.ἕκαστοι.pt,cados,casos | dados | caros | caos | canos | lados | gados | cado | nados | cabos | calos | cacos | caldos | fados | caídos | cavos | cardos | pados | ceados | coados | capôs | içados | ciados | cadoz | codas | cudos,cados
$.ἐκπορευέσθω.traducao,prossegua,prossegue | prossegui | prosseguia,"ele(a) saia, prossegua"
$.Ἐλαμῖται.traducao,elamitas,,elamitas
$.Ἐλαμῖται.pt,elamitas,,elamitas
$.Ἐλμαδάμ.traducao,Elmadã,Almada,Elmadã
$.Ἐλμαδάμ.pt,Elmadã,Almada,Elmadã
$.Ἐλύμας.traducao,Elimas,Elisa | Elias | Climas | Elimar | Limas | Eximas | Elías | Elidas,Elimas
$.Ἐλύμας.pt,Elimas,Elisa | Elias | Climas | Elimar | Limas | Eximas | Elías | Elidas,Elimas
$.Ἐμμαούς.traducao,Emaús,E-mais | Emas,Emaús
$.Ἐμμαούς.pt,Emaús,E-mais | Emas,Emaús
$.Ἑμμὼρ.traducao,Hamor,Amor | Humor | Hamon,Hamor
$.Ἑμμὼρ.pt,Hamor,Amor | Humor | Hamon,Hamor
$.ἐνθυμήσεως.traducao,pensamenta,pensamento | pensamentão,da pensamenta
$.ἐνθυμήσεως.pt,pensamenta,pensamento | pensamentão,da pensamenta
$.ἔννοιαν.traducao,pensamenta,pensamento | pensamentão,pensamenta
$.ἔννοιαν.pt,pensamenta,pensamento | pensamentão,pensamenta
$.ἐξομολογήσηται.traducao,reconheca,reconhece | reconheça | reconheci | reconheço | reconhecia | reconheçam | reconheças,"ele(a) reconheca, confesse, agradeca, louve"
$.ἐξομολογήσηται.traducao,agradeca,agradeça | agradece | agradeço | agradeci | agradecia | agradeçam | agradeças,"ele(a) reconheca, confesse, agradeca, louve"
$.ἐξομολογήσηται.pt,reconheca,reconhece | reconheça | reconheci | reconheço | reconhecia | reconheçam | reconheças,reconheca
$.Ἐπαφρᾶ.traducao,Epafro,,do Epafro
$.Ἐπαφρᾶ.pt,Epafro,,do Epafro
$.Ἐπαφροδίτου.traducao,Epafrodito,,do Epafrodito
$.Ἐπαφροδίτου.pt,Epafrodito,,do Epafrodito
$.Ἐπαφρόδιτον.traducao,Epafrodito,,Epafrodito
$.Ἐπαφρόδιτον.pt,Epafrodito,,Epafrodito
$.ἐπιθυμητὰς.traducao,desejadores,desejares | desejados | desadores | desoladores | desenhadores | deserdares,desejadores
$.ἐπιθυμητὰς.pt,desejadores,desejares | desejados | desadores | desoladores | desenhadores | deserdares,desejadores
$.Ἐπικουρείων.traducao,epicureus,,dos epicureus
$.Ἐπικουρείων.pt,epicureus,,dos epicureus
$.ἐπίνοια.traducao,pensamenta,pensamento | pensamentão,pensamenta
$.ἐπίνοια.pt,pensamenta,pensamento | pensamentão,pensamenta
$.ἐπιόρκοις.traducao,perjuradores,perfuradores,aos perjuradores
$.ἐπιόρκοις.pt,perjuradores,perfuradores,aos perjuradores
$.ἐπισκηνώσῃ.traducao,tabernaculize,,"ele(a) habite, tabernaculize, cobra"
$.ἐπέτυχον.traducao,obtestes,,"vós obtestes, alcançastes, conseguistes"
$.ἐπέτυχον.pt,obtestes,,obtestes
$.ἔπος.traducao,palavro,palavra | palavrão | apalavro,palavro
$.ἔπος.pt,palavro,palavra | palavrão | apalavro,palavro
$.Ἔραστον.traducao,Erasto,Erasmo | Rasto | Erato,Erasto
$.Ἔραστον.pt,Erasto,Erasmo | Rasto | Erato,Erasto
$.Ἑσλὶ.traducao,Hesli,,Hesli
$.Ἑσλὶ.pt,Hesli,,Hesli
$.εὔβουλος.traducao,Êubulo,Túbulo | Ebulo,Êubulo
$.εὔβουλος.pt,Êubulo,Túbulo | Ebulo,Êubulo
$.εὕροιεν.traducao,descobram,descobrem | descubram | descobriam | desdobram | desbocar | desbocaram | desbocam | dessaboram | desbocarem | desbocara | desbocará | descoram,"eles(as) encontrem, descobram, obtenham"
$.εὕρω.traducao,descobra,descobri | descobre | descubra | descobri-a | descolar | desdobra | descobria | desboca | desbocar | descora | descorar | dessabora | desbocara | desbocará,"eu encontre, descobra, obtenha"
$.εὕρωμεν.traducao,descobramos,descobrimos | desdobramos | descubramos | descolarmos | dessaboramos | descobríamos | descorarmos | desbocaremos | desbocarmos | desbocamos | desbocáramos | descoramos,"nós encontremos, descobramos, obtenhamos"
$.εὐρακύλων.traducao,Euráquilo,,Euráquilo
$.εὐρακύλων.pt,Euráquilo,,Euráquilo
$.εὔτυχος.traducao,Êutico,Eurico | Ético | Estico | Futico,Êutico
$.εὔτυχος.pt,Êutico,Eurico | Ético | Estico | Futico,Êutico
$.Ἐφέσιοι.traducao,efésios,Efésios | efésio,efésios
$.Ἐφέσιοι.pt,efésios,Efésios | efésio,efésios
$.Ζακχαῖε.traducao,Zaqueu,,Zaqueu
$.Ζακχαῖε.pt,Zaqueu,,Zaqueu
$.ζιζανίων.traducao,joios,jogos | joias | joio | jóias | poios | moios | coiós,dos joios
$.ζιζανίων.pt,joios,jogos | joias | joio | jóias | poios | moios | coiós,dos joios
$.θεοστυγεῖς.traducao,odiadores,odiados | odiares | odiadoras,odiadores de Deus
$.θεοστυγεῖς.pt,odiadores,odiados | odiares | odiadoras,odiadores de Deus
$.Θεσσαλονικέως.traducao,tessalonicense,tessalonicenses,do tessalonicense
$.Θεσσαλονικέως.pt,tessalonicense,tessalonicenses,do tessalonicense
$.Θεσσαλονίκης.traducao,Tessalônica,,da Tessalônica
$.Θεσσαλονίκης.pt,Tessalônica,,da Tessalônica
$.Θευδᾶς.traducao,Teudas,Tendas | Teúdas | Teúdos | Teúbas,Teudas
$.Θευδᾶς.pt,Teudas,Tendas | Teúdas | Teúdos | Teúbas,Teudas
$.Θυάτειρα.traducao,Tiatira,Titara | Tintaria,Tiatira
$.Θυάτειρα.pt,Tiatira,Titara | Tintaria,Tiatira
$.Θυατείρων.traducao,Tiatira,Titara | Tintaria,dos Tiatira
$.Θυατείρων.pt,Tiatira,Titara | Tintaria,dos Tiatira
$.Θωμᾷ.traducao,tomá,toma | tome | tomo | tomé | torá | tobá,ao tomá
$.Θωμᾷ.pt,tomá,toma | tome | tomo | tomé | torá | tobá,ao tomá
$.Ἰαμβρῆς.traducao,Jambres,,Jambres
$.Ἰαμβρῆς.pt,Jambres,,Jambres
$.Ἰδουμαίας.traducao,Iduméia,,da Iduméia
$.Ἰδουμαίας.pt,Iduméia,,da Iduméia
$.Ἱεροσολυμιτῶν.traducao,jerusalém,Jerusalém,dos habitantes de jerusalém
$.Ἱεροσολυμιτῶν.pt,jerusalém,Jerusalém,dos habitantes de jerusalém
$.Ἱεροσολυμῖται.traducao,jerusalém,Jerusalém,habitantes de jerusalém
$.Ἱεροσολυμῖται.pt,jerusalém,Jerusalém,habitantes de jerusalém
$.Ἰεφθάε.traducao,Jefté,,Jefté
$.Ἰεφθάε.pt,Jefté,,Jefté
$.Ἰεχονίαν.traducao,Jeconias,,Jeconias
$.Ἰεχονίαν.pt,Jeconias,,Jeconias
$.Ἰεχονίας.traducao,Jeconias,,Jeconias
$.Ἰεχονίας.pt,Jeconias,,Jeconias
$.Ἰκονίου.traducao,Icônio,Iônio | Icônico,de Icônio
$.Ἰκονίου.pt,Icônio,Iônio | Icônico,de Icônio
$.Ἰσσαχὰρ.traducao,Issacar,Assacar | Iscara | Issachar,Issacar
$.Ἰσσαχὰρ.pt,Issacar,Assacar | Iscara | Issachar,Issacar
$.Ἰσκαριώτην.traducao,iscariote,Iscariotes,iscariote
$.Ἰσκαριώτην.pt,iscariote,Iscariotes,iscariote
$.στήσητε.traducao,permanecais,permaneças | permanecias | permaneçais | permaneceis,"eis, posicioneis, sejais colocado, permanecais, ficeis de pé, pareis"
$.στήσητε.traducao,ficeis,fáceis | fiéis | ficais | fieis | fixeis | foceis | fineis | ficheis | fiteis | fileis | fuceis | viceis | fiqueis | iceis | foiceis,"eis, sejais colocado, permanecais, ficeis de pé, pareis"
$.στήσῃ.traducao,permaneca,permaneça | permanece | permaneço | permaneci | permaneçam | permanecia | permaneças,"coloque, posicione, seja colocado, permaneca, fice de pé, pare"
$.στήσῃς.traducao,permanecas,permaneces | permaneças | permaneçam | permanecias | permaneçais,"oques, posiciones, sejas colocado, permanecas, fices de pé, pares"
$.στήσῃς.traducao,fices,ficas | faces | fiques | vices | fites | fixes | fies | files | fines | fiches | foces | ices | foices | fuces | lices | rices | fícus,"iones, sejas colocado, permanecas, fices de pé, pares"
$.Ἰτουραίας.traducao,Itureia,Iterai,da Itureia
$.Ἰτουραίας.pt,Itureia,Iterai,da Itureia
$.Ἰωρὶμ.traducao,Jorim,Jobim | Jorram | Morim | Jorrem,Jorim
$.Ἰωρὶμ.pt,Jorim,Jobim | Jorram | Morim | Jorrem,Jorim
$.Καισαρείᾳ.traducao,Cesareia,Cesária | Cesárea | Cessareis,à Cesareia
$.Καισαρείᾳ.pt,Cesareia,Cesária | Cesárea | Cessareis,à Cesareia
$.Κέδρων.traducao,Cedron,Cedro | Cedros,Cedron
$.Κέδρων.pt,Cedron,Cedro | Cedros,Cedron
$.Κηφᾶν.traducao,Cefas,Cenas | Cegas | Cevas | Cepas | Ceias | Ceras | Cedas | Celas | Cifas | Ceifas,Cefas
$.Κηφᾶν.pt,Cefas,Cenas | Cegas | Cevas | Cepas | Ceias | Ceras | Cedas | Celas | Cifas | Ceifas,Cefas
$.Κλεόπας.traducao,Cleópas,,Cleópas
$.Κλεόπας.pt,Cleópas,,Cleópas
$.Κλωπᾶ.traducao,Clopas,Colas | Copas | Colmas | Colhas | Colgas,de Clopas
$.Κλωπᾶ.pt,Clopas,Colas | Copas | Colmas | Colhas | Colgas,de Clopas
$.Κνίδον.traducao,Cnido,Cuido | Cindo | Unido | Caído | Cido | Crido,Cnido
$.Κνίδον.pt,Cnido,Cuido | Cindo | Unido | Caído | Cido | Crido,Cnido
$.ἐκρατοῦντο.traducao,retiam,retoma | teriam | metiam | retiram | regiam | retais | reviam | retomai | retinam | reliam | remiam,"eles(as) seguravam, agarravam, retiam, mantiam, apreendiam"
$.ἐκρατοῦντο.traducao,mantiam,mentiam | maneiam,"(as) seguravam, agarravam, retiam, mantiam, apreendiam"
$.Λάμεχ.traducao,Lameque,,Lameque
$.Λάμεχ.pt,Lameque,,Lameque
$.Λαοδίκειαν.traducao,Laodicéia,,Laodicéia
$.Λαοδίκειαν.pt,Laodicéia,,Laodicéia
$.Λαοδικείας.traducao,Laodicéia,,da Laodicéia
$.Λαοδικείας.pt,Laodicéia,,da Laodicéia
$.Λαοδικέων.traducao,laodicenses,,dos laodicenses
$.Λαοδικέων.pt,laodicenses,,dos laodicenses
$.Λασαία.traducao,Lasaia,Lassai | Lassara | Lassais | Lascai | Lassada | Lassava,Lasaia
$.Λασαία.pt,Lasaia,Lassai | Lassara | Lassais | Lascai | Lassada | Lassava,Lasaia
$.Λεββαῖος.traducao,Lebeu,Bebeu | Plebeu | Leleu | Labéu | Lebel | Lebeau,Lebeu
$.Λεββαῖος.pt,Lebeu,Bebeu | Plebeu | Leleu | Labéu | Lebel | Lebeau,Lebeu
$.Λυκαονίας.traducao,Licaônia,,da Licaônia
$.Λυκαονίας.pt,Licaônia,,da Licaônia
$.Λυκαονιστὶ.traducao,licaônica,licencia,no língua licaônica
$.Λυκαονιστὶ.pt,licaônica,licencia,no língua licaônica
$.Λυκίας.traducao,lícia,Lícia | líbia | Líbia | Lucia | Lídia | Lúcia | alicia | Lígia | vicia | Alícia | Lívia | lício | Lília | cicia | lícita | Nicia | Glícia,da lícia
$.Λυκίας.pt,lícia,Lícia | líbia | Líbia | Lucia | Lídia | Lúcia | alicia | Lígia | vicia | Alícia | Lívia | lício | Lília | cicia | lícita | Nicia | Glícia,da lícia
$.Λυσανίου.traducao,Lisânio,Libânio,do Lisânio
$.Λυσανίου.pt,Lisânio,Libânio,do Lisânio
$.λύχνοι.traducao,lâmpados,lâmpadas | limpados | tampados | campados,lâmpados
$.λύχνοι.pt,lâmpados,lâmpadas | limpados | tampados | campados,lâmpados
$.λύχνῳ.traducao,lâmpado,lâmpada | limpado | tampado,ao lâmpado
$.λύχνῳ.pt,lâmpado,lâmpada | limpado | tampado,ao lâmpado
$.Λωίδι.traducao,Lóis,Nóis | Luis | Sóis | Leis | Lais | Lis | Góis | Lois | Róis | Dóis | Bóis | Móis | Lós | Aóis,ao Lóis
$.Λωίδι.pt,Lóis,Nóis | Luis | Sóis | Leis | Lais | Lis | Góis | Lois | Róis | Dóis | Bóis | Móis | Lós | Aóis,ao Lóis
$.Μαγώγ.traducao,Magogue,,Magogue
$.Μαγώγ.pt,Magogue,,Magogue
$.Μαλελεήλ.traducao,Maalael,,Maalael
$.Μαλελεήλ.pt,Maalael,,Maalael
$.Μαναήν.traducao,Manaém,Mantém | Mandem | Mantêm | Manjem | Manem | Manam | Manarem,Manaém
$.Μαναήν.pt,Manaém,Mantém | Mandem | Mantêm | Manjem | Manem | Manam | Manarem,Manaém
$.Ματταθά.traducao,Matatá,Batata | Matará | Mamata | Matuta,Matatá
$.Ματταθά.pt,Matatá,Batata | Matará | Mamata | Matuta,Matatá
$.μεθερμηνεύεται.traducao,traduze,traduza | traduz | traduzi | traduzo | traduzem | traduz-se | traduz-me | traduzes | traduz-te,"ele(a) traduze, interpreta"
$.μεθερμηνεύεται.pt,traduze,traduza | traduz | traduzi | traduzo | traduzem | traduz-se | traduz-me | traduzes | traduz-te,traduze
$.Μελεά.traducao,Meleá,Mela | Meleca | Meles | Mele | Meloa | Melena | Melei | Melem | Meteá | Méleo,Meleá
$.Μελεά.pt,Meleá,Mela | Meleca | Meles | Mele | Meloa | Melena | Melei | Melem | Meteá | Méleo,Meleá
$.μεμβράνας.traducao,pergaminhas,pergaminhos,pergaminhas
$.μεμβράνας.pt,pergaminhas,pergaminhos,pergaminhas
$.μετρητὰς.traducao,metretas,meterias | mutretas | meteras,metretas
$.μετρητὰς.pt,metretas,meterias | mutretas | meteras,metretas
$.Μνάσωνί.traducao,Mnason,Manso | Manson | Manos | Mason | Mansos,ao Mnason
$.Μνάσωνί.pt,Mnason,Manso | Manson | Manos | Mason | Mansos,ao Mnason
$.Μολόχ.traducao,moloque,coloque | moleque,moloque
$.Μολόχ.pt,moloque,coloque | moleque,moloque
$.Ναχώρ.traducao,Naor,Nair | Nor | Narro | Noor | Nador | Naur | Nasr | Naorô,Naor
$.Ναχώρ.pt,Naor,Nair | Nor | Narro | Noor | Nador | Naur | Nasr | Naorô,Naor
$.Ναιμὰν.traducao,Naamã,,Naamã
$.Ναιμὰν.pt,Naamã,,Naamã
$.Νινευίταις.traducao,ninivitas,,aos ninivitas
$.Νινευίταις.pt,ninivitas,,aos ninivitas
$.οἰκήματι.traducao,moradio,moradia | morrido | mordido | morado | mordi-o | morridas | mordais | morgadio,a moradio
$.οἰκήματι.pt,moradio,moradia | morrido | mordido | morado | mordi-o | morridas | mordais | morgadio,a moradio
$.ὄσφρησις.traducao,olfata,olfato,olfata
$.ὄσφρησις.pt,olfata,olfato,olfata
$.παρακεκλήμεθα.pt,encorajamo,encorajado | encorajam | encorajamos,encorajamo-nos
$.παραπτώματος.traducao,ofenso,ofensa | ofendo | ofensor | ofensão,de ofenso
$.παραπτώματος.pt,ofenso,ofensa | ofendo | ofensor | ofensão,de ofenso
$.Παρμενᾶν.traducao,Parmeno,,Parmeno
$.Παρμενᾶν.pt,Parmeno,,Parmeno
$.Πάταρα.traducao,Pátaros,Patacos,Pátaros
$.Πάταρα.pt,Pátaros,Patacos,Pátaros
$.Περγάμῳ.traducao,Pérgamo,Bergamo,à Pérgamo ou Pérgamo
$.Περγάμῳ.traducao,Pérgamo,Bergamo,à Pérgamo ou Pérgamo
$.Περγάμῳ.pt,Pérgamo,Bergamo,à Pérgamo ou Pérgamo
$.Περγάμῳ.pt,Pérgamo,Bergamo,à Pérgamo ou Pérgamo
$.Πέργην.traducao,Perge,Perde | Perae | Serge | Berge | Perle | Vergê,Perge
$.Πέργην.pt,Perge,Perde | Perae | Serge | Berge | Perle | Vergê,Perge
$.Πέργης.traducao,Perge,Perde | Perae | Serge | Berge | Perle | Vergê,da Perge
$.Πέργης.pt,Perge,Perde | Perae | Serge | Berge | Perle | Vergê,da Perge
$.Πέργῃ.traducao,Perge,Perde | Perae | Serge | Berge | Perle | Vergê,à Perge
$.Πέργῃ.pt,Perge,Perde | Perae | Serge | Berge | Perle | Vergê,à Perge
$.πεπλάνησθε.traducao,saistes,saístes | saísses | caístes | sais-te | saiotes | siastes,"vós desviastes, saistes do caminho"
$.πεπλανημένοις.traducao,saido,saído | saindo | saio | saldo | sido | saída | sai-o | caído | sabido | sadio | saudo | sado | Sado | saúdo | saí-o | sardo | saídos | siado | saião | saibo | soído,"tendo se desviado, tendo se saido do caminho"
$.πλανῶμεν.traducao,saimos,saímos | salmos | caímos | sairmos | saiamos | sai-nos | siamos | saíamos | saídos | saibos | sai mos | sai-mos,"nós desviamos, saimos do caminho"
$.Ποπλίου.traducao,Públio,Público | Publico,do Públio
$.Ποπλίου.pt,Públio,Público | Publico,do Públio
$.Ποπλίῳ.traducao,Públio,Público | Publico,ao Públio
$.Ποπλίῳ.pt,Públio,Público | Publico,ao Públio
$.Πόρκιον.traducao,Pórcio,Porco | Pórtico | Porfio,Pórcio
$.Πόρκιον.pt,Pórcio,Porco | Pórtico | Porfio,Pórcio
$.Ποτιόλους.traducao,Putéolis,,Putéolis
$.Ποτιόλους.pt,Putéolis,,Putéolis
$.προβλεψαμένου.traducao,prevido,previno | provido | prévio | revido | premido | previd. | próvido,"tendo se prevido, tendo se visto de antemão"
$.προβλεψαμένου.pt,prevido,previno | provido | prévio | revido | premido | previd. | próvido,tendo se prevido
$.προέλθωσιν.traducao,prosseguam,prosseguem | prosseguiam,"eles(as) vão antes, prosseguam, avancem"
$.προκαταγγείλαντας.traducao,prevido,previno | provido | prévio | revido | premido | previd. | próvido,"tendo prevido, tendo anunciado de antemão"
$.προκαταγγείλαντας.pt,prevido,previno | provido | prévio | revido | premido | previd. | próvido,tendo prevido
$.προεωρακότες.traducao,prevido,previno | provido | prévio | revido | premido | previd. | próvido,"tendo prevido, tendo visto de antemão"
$.προεωρακότες.pt,prevido,previno | provido | prévio | revido | premido | previd. | próvido,tendo prevido
$.προιδὼν.traducao,prevido,previno | provido | prévio | revido | premido | previd. | próvido,"tendo prevido, tendo visto de antemão"
$.προιδὼν.pt,prevido,previno | provido | prévio | revido | premido | previd. | próvido,tendo prevido
$.προϊδοῦσα.traducao,prevido,previno | provido | prévio | revido | premido | previd. | próvido,"tendo prevido, tendo visto de antemão"
$.προϊδοῦσα.pt,prevido,previno | provido | prévio | revido | premido | previd. | próvido,tendo prevido
$.προορισθέντες.traducao,preordenados,reordenados | preordenado,"ndo sido predestinados, tendo sido preordenados"
$.Πρόχορον.traducao,Prócoro,Procuro | Prócero,Prócoro
$.Πρόχορον.pt,Prócoro,Procuro | Prócero,Prócoro
$.Πτολεμαΐδα.traducao,Ptolemaida,,Ptolemaida
$.Πτολεμαΐδα.pt,Ptolemaida,,Ptolemaida
$.πύθωνα.traducao,pitoniso,pitonisa,pitoniso
$.πύθωνα.pt,pitoniso,pitonisa,pitoniso
$.Ῥαμὰ.traducao,Ramá,Rama | Ramo | Amá | Rami | Rams | Rajá | Rame,Ramá
$.Ῥαμὰ.pt,Ramá,Rama | Ramo | Amá | Rami | Rams | Rajá | Rame,Ramá
$.Ῥαιφάν.traducao,Renfã,Rena | Renda | Renta | Renha,Renfã
$.Ῥαιφάν.pt,Renfã,Rena | Renda | Renta | Renha,Renfã
$.Σαδδουκαίους.traducao,saduceus,caduceus | saduceu,saduceus
$.Σαδδουκαίους.pt,saduceus,caduceus | saduceu,saduceus
$.Σαλείμ.traducao,salém,além | sabem | falem | sarem | saem | valem | salvem | calem | Salim | selem | saltem | dalém | safem | solem | galem | talem | balem | saldem | sanem | ralem,salém
$.Σαλείμ.pt,salém,além | sabem | falem | sarem | saem | valem | salvem | calem | Salim | selem | saltem | dalém | safem | solem | galem | talem | balem | saldem | sanem | ralem,salém
$.σαλπίσωσιν.traducao,trompeteiem,trombeteiem,"eles(as) toquem trombeta, trompeteiem"
$.σαλπίσῃς.traducao,trompeteies,trombeteies | trombeteeis,"tu toques trombeta, trompeteies"
$.Σαμοθρᾴκην.traducao,Samotrácia,,Samotrácia
$.Σαμοθρᾴκην.pt,Samotrácia,,Samotrácia
$.Σαμψών.traducao,sansão,Sansão | mansão | sanção | sansa,sansão
$.Σαμψών.pt,sansão,Sansão | mansão | sanção | sansa,sansão
$.Σερούχ.traducao,Serugue,Segure,Serugue
$.Σερούχ.pt,Serugue,Segure,Serugue
$.Σαύλῳ.traducao,Saulo,Paulo | Suado | Salo | Saul | Saúdo | Saudo | Saúl | Aulo | Saullo,ao Saulo
$.Σαύλῳ.pt,Saulo,Paulo | Suado | Salo | Saul | Saúdo | Saudo | Saúl | Aulo | Saullo,ao Saulo
$.Σελεύκειαν.traducao,Selêucia,Selêucida,Selêucia
$.Σελεύκειαν.pt,Selêucia,Selêucida,Selêucia
$.Σιδωνίας.traducao,sidônia,sidônio | simonia,da sidônia
$.Σιδωνίας.pt,sidônia,sidônio | simonia,da sidônia
$.Σιδωνίοις.traducao,sidônias,,às sidônias
$.Σιδωνίοις.pt,sidônias,,às sidônias
$.σμαραγδίνῳ.traducao,esmeraldo,esmeralda | Esmeralda | Esmeraldo | esmerando | esmerado | esmerilado,ao esmeraldo
$.σμαραγδίνῳ.pt,esmeraldo,esmeralda | Esmeralda | Esmeraldo | esmerando | esmerado | esmerilado,ao esmeraldo
$.σμάραγδος.traducao,esmeraldo,esmeralda | Esmeralda | Esmeraldo | esmerando | esmerado | esmerilado,esmeraldo
$.σμάραγδος.pt,esmeraldo,esmeralda | Esmeralda | Esmeraldo | esmerando | esmerado | esmerilado,esmeraldo
$.Σμύρνῃ.traducao,esmirna,,à esmirna
$.Σμύρνῃ.pt,esmirna,,à esmirna
$.στοὰς.traducao,pórticas,pórticos | poéticas,pórticas
$.στοὰς.pt,pórticas,pórticos | poéticas,pórticas
$.στοιχῶμεν.traducao,seguamos,seguimos | seguramos | seguemos | seguíamos | segamos,"nós andemos na linha, seguamos, nos conformemos, vivamos de acord"
$.Συντύχην.traducao,Síntique,Sindique,Síntique
$.Συντύχην.pt,Síntique,Sindique,Síntique
$.Συρακούσας.traducao,siracusas,saracuras,siracusas
$.Συρακούσας.pt,siracusas,saracuras,siracusas
$.συστατικῶν.traducao,comendativos,comentados | compensativos | comanditavas | comanditamos | comanditados,dos comendativos
$.συστατικῶν.pt,comendativos,comentados | compensativos | comanditavas | comanditamos | comanditados,dos comendativos
$.Συχὰρ.traducao,Sicar,Ficar | Secar | Sacar | Socar | Picar | Dicar | Ticar | Sica | Bicar | Iscar | Nicar | Siar | iScar | Viçar | Sicat | Riçar,Sicar
$.Συχὰρ.pt,Sicar,Ficar | Secar | Sacar | Socar | Picar | Dicar | Ticar | Sica | Bicar | Iscar | Nicar | Siar | iScar | Viçar | Sicat | Riçar,Sicar
$.Σώπατρος.traducao,Sópater,,Sópater
$.Σώπατρος.pt,Sópater,,Sópater
$.Σωσθένην.traducao,Sóstenes,,Sóstenes
$.Σωσθένην.pt,Sóstenes,,Sóstenes
$.Σωσθένης.traducao,Sóstenes,,Sóstenes
$.Σωσθένης.pt,Sóstenes,,Sóstenes
$.Τέρτυλλος.traducao,Tértulo,,Tértulo
$.Τέρτυλλος.pt,Tértulo,,Tértulo
$.Τερτύλλου.traducao,Tértulo,,do Tértulo
$.Τερτύλλου.pt,Tértulo,,do Tértulo
$.Τιμαίου.traducao,Timeu,Times | Time | Timer | Timbu | Temeu | Timbú,do Timeu
$.Τιμαίου.pt,Timeu,Times | Time | Timer | Timbu | Temeu | Timbú,do Timeu
$.Τραχωνίτιδος.traducao,Traconites,Trocastes,da Traconites
$.Τραχωνίτιδος.pt,Traconites,Trocastes,da Traconites
$.Τρόφιμος.traducao,Trófimo,Trófico,Trófimo
$.Τρόφιμος.pt,Trófimo,Trófico,Trófimo
$.Τρῳάδος.traducao,Trôade,Tríade | Troado,da Trôade
$.Τρῳάδος.pt,Trôade,Tríade | Troado,da Trôade
$.ὑποταγησόμεθα.traducao,estareremos,estarrecemos," subordinados, seremos submetidos, estareremos sob obediência"
$.φαίνωσιν.traducao,aparecam,apareçam | aparecem | apareça | pareçam | apareciam | apareças | apreçam,"eles(as) mostrem, façam aparecer, aparecam, brilhem, se manifestem"
$.Φάλεκ.traducao,Pelegue,Delegue | Relegue | Pelugem,Pelegue
$.Φάλεκ.pt,Pelegue,Delegue | Relegue | Pelugem,Pelegue
$.πεφανερώμεθα.pt,tornamo,tornado | tornam | torrando | tornamos | torna-me | tornam-no,tornamo-nos manifestos
$.Φανουήλ.traducao,Fanuel,Manuel | Fabule,Fanuel
$.Φανουήλ.pt,Fanuel,Manuel | Fabule,Fanuel
$.Φιλίππους.traducao,Filipos,Filhos | Filippos,Filipos
$.Φιλίππους.pt,Filipos,Filhos | Filippos,Filipos
$.Φιλίππων.traducao,Filipos,Filhos | Filippos,de Filipos
$.Φιλίππων.pt,Filipos,Filhos | Filippos,de Filipos
$.φοίνικες.traducao,palmeiros,palmeiras | Palmeiras | palheiros | paliemos,palmeiros
$.φοίνικες.pt,palmeiros,palmeiras | Palmeiras | palheiros | paliemos,palmeiros
$.φοινίκων.traducao,palmeiros,palmeiras | Palmeiras | palheiros | paliemos,dos palmeiros
$.φοινίκων.pt,palmeiros,palmeiras | Palmeiras | palheiros | paliemos,dos palmeiros
$.φυλακτήρια.traducao,filactérios,,filactérios
$.φυλακτήρια.pt,filactérios,,filactérios
$.χαλκηδών.traducao,calcedônio,calcedônia | Caledônia,calcedônio
$.χαλκηδών.pt,calcedônio,calcedônia | Caledônia,calcedônio
$.Χαναναία.traducao,cananeu,,cananeu
$.Χαναναία.pt,cananeu,,cananeu
$.χρυσόπρασος.traducao,crisoprásio,,crisoprásio
$.χρυσόπρασος.pt,crisoprásio,,crisoprásio
$.ψεύσματι.traducao,mentiro,mentira | mentir | mentido | mentor | menti-o | mentirão | mentirá,a mentiro
$.ψεύσματι.pt,mentiro,mentira | mentir | mentido | mentor | menti-o | mentirão | mentirá,a mentiro
$.ψιθυριστάς.traducao,sussurradores,sussurrados | sussurrares,sussurradores
$.ψιθυριστάς.pt,sussurradores,sussurrados | sussurrares,sussurradores
$.Ἀμπλιᾶτος.traducao,Amplíato,Ampliado,Amplíato
$.Ἀμπλιᾶτος.pt,Amplíato,Ampliado,Amplíato
$.Ἀββαδών.traducao,Abadom,Abado | Abados | Abadam | Abadou | Abadem,Abadom
$.Ἀββαδών.pt,Abadom,Abado | Abados | Abadam | Abadou | Abadem,Abadom
$.ἀμπλίαν.traducao,Amplíato,Ampliado,Amplíato
$.ἀμπλίαν.pt,Amplíato,Ampliado,Amplíato
$.ἀνδρόνικον.traducao,Andrônico,,Andrônico
$.ἀνδρόνικον.pt,Andrônico,,Andrônico
$.ἀπολύσητε.traducao,despedais,despegais | despedias | despenais | despedis | despelais | despejais | despeçais | despendais,"vós libereis, despedais, mandeis embora, vos divorcieis"
$.ἀρτεμᾶν.traducao,Ártemas,Ártemis | Artesas,Ártemas
$.ἀρτεμᾶν.pt,Ártemas,Ártemis | Artesas,Ártemas
$.ἀσύγκριτον.traducao,Asíncrito,Assíncrono,Asíncrito
$.ἀσύγκριτον.pt,Asíncrito,Assíncrono,Asíncrito
$.αὐτοκατάκριτος.traducao,autocondenado,,autocondenado
$.αὐτοκατάκριτος.pt,autocondenado,,autocondenado
$.βηθεσδά.traducao,Betesda,Bethesda | Betesga,Betesda
$.βηθεσδά.pt,Betesda,Bethesda | Betesga,Betesda
$.βηθσφαγὴ.traducao,Betfagé,,Betfagé
$.βηθσφαγὴ.pt,Betfagé,,Betfagé
$.διερμηνεύει.traducao,traduze,traduza | traduz | traduzi | traduzo | traduzem | traduz-se | traduz-me | traduzes | traduz-te,"ele(a) interpreta, explica, traduze"
$.ἐλμωδάμ.traducao,Elmadã,Almada,Elmadã
$.ἐλμωδάμ.pt,Elmadã,Almada,Elmadã
$.ἐμμὸρ.traducao,Hamor,Amor | Humor | Hamon,Hamor
$.ἐμμὸρ.pt,Hamor,Amor | Humor | Hamon,Hamor
$.ἐπαίνετον.traducao,Epíneto,Epíteto,Epíneto
$.ἐπαίνετον.pt,Epíneto,Epíteto,Epíneto
$.εὐοδίαν.traducao,Evódia,Evadia,Evódia
$.εὐοδίαν.pt,Evódia,Evadia,Evódia
$.εὐροκλύδων.traducao,Euráquilo,,Euráquilo
$.εὐροκλύδων.pt,Euráquilo,,Euráquilo
$.ζηνᾶν.traducao,zeno,zero | seno | Zeno | zelo | zen | feno | leno | Reno | zone | zono | peno | zuno,zeno
$.ζηνᾶν.pt,zeno,zero | seno | Zeno | zelo | zen | feno | leno | Reno | zone | zono | peno | zuno,zeno
$.ἡρῳδίωνα.traducao,Herodião,,Herodião
$.ἡρῳδίωνα.pt,Herodião,,Herodião
$.ἱεραπόλει.traducao,Hierápolis,,à Hierápolis
$.ἱεραπόλει.pt,Hierápolis,,à Hierápolis
$.ἰουνίαν.traducao,Júnia,Júnio | Júlia | Junta | Judia | Junina | Munia | Unia | Jania | Dúnia | Junja | Junca | Junia | Punia | Jânia | Zunia | Junça | Jungia,Júnia
$.ἰουνίαν.pt,Júnia,Júnio | Júlia | Junta | Judia | Junina | Munia | Unia | Jania | Dúnia | Junja | Junca | Junia | Punia | Jânia | Zunia | Junça | Jungia,Júnia
$.ἰσαχάρ.traducao,Issacar,Assacar | Iscara | Issachar,Issacar
$.ἰσαχάρ.pt,Issacar,Assacar | Iscara | Issachar,Issacar
$.ἰωρείμ.traducao,jorim,Jobim | jorram | morim | jorrem,jorim
$.ἰωρείμ.pt,jorim,Jobim | jorram | morim | jorrem,jorim
$.καϊνάν.traducao,Cainam,Caíram | Caiam | Caibam | Caíam | Capinam | Cainham | Çanam,Cainam
$.καϊνάν.pt,Cainam,Caíram | Caiam | Caibam | Caíam | Capinam | Cainham | Çanam,Cainam
$.κεγχρεαῖς.traducao,Cencréia,Cerceia | Cerceai,às Cencréia
$.κεγχρεαῖς.pt,Cencréia,Cerceia | Cerceai,às Cencréia
$.λαοδικαίων.traducao,laodicenses,,dos laodicenses
$.λαοδικαίων.pt,laodicenses,,dos laodicenses
$.νεεμὰν.traducao,Naamã,,Naamã
$.νεεμὰν.pt,Naamã,,Naamã
$.νικόπολιν.traducao,Nicópolis,Nilópolis,Nicópolis
$.νικόπολιν.pt,Nicópolis,Nilópolis,Nicópolis
$.νινευῒ.traducao,Nínive,,Nínive
$.νινευῒ.pt,Nínive,,Nínive
$.νουθετῶ.traducao,adverto,adverte | adverti | advento | adverso | advirto,"eu adverto, instruo"
$.νουθετῶ.pt,adverto,adverte | adverti | advento | adverso | advirto,adverto
$.πατρόβαν.traducao,pátrobo,patrono | patrolo,pátrobo
$.πατρόβαν.pt,pátrobo,patrono | patrolo,pátrobo
$.πισιδίας.traducao,Psídia,,da Psídia
$.πισιδίας.pt,Psídia,,da Psídia
$.πορευσώμεθα.traducao,prosseguamos,prosseguimos | prosseguíamos,"nós vamos, prosseguamos, viajemos"
$.προειρηκέναι.traducao,prevido,previno | provido | prévio | revido | premido | previd. | próvido,"ter prevido, ter dito de antemão"
$.προειρηκέναι.pt,prevido,previno | provido | prévio | revido | premido | previd. | próvido,ter prevido
$.προκατηγγελμένην.traducao,prevido,previno | provido | prévio | revido | premido | previd. | próvido,"tendo se prevido, tendo se anunciado de antemão"
$.προκατηγγελμένην.pt,prevido,previno | provido | prévio | revido | premido | previd. | próvido,tendo se prevido
$.πύθωνος.traducao,pitoniso,pitonisa,do pitoniso
$.πύθωνος.pt,pitoniso,pitonisa,do pitoniso
$.ῥεμφάν.traducao,Renfã,Rena | Renda | Renta | Renha,Renfã
$.ῥεμφάν.pt,Renfã,Rena | Renda | Renta | Renha,Renfã
$.σμαραγδίνων.traducao,esmeraldos,esmeraldas | esmerilados | esmerados,dos esmeraldos
$.σμαραγδίνων.pt,esmeraldos,esmeraldas | esmerilados | esmerados,dos esmeraldos
$.σωσίπατρος.traducao,Sosípatro,,Sosípatro
$.σωσίπατρος.pt,Sosípatro,,Sosípatro
$.τέρτιος.traducao,tércio,Tércio | torci-o | térmico | tério,tércio
$.τέρτιος.pt,tércio,Tércio | torci-o | térmico | tério,tércio
$.τρύφαιναν.traducao,trifena,trifeta,trifena
$.τρύφαιναν.pt,trifena,trifeta,trifena
$.τρυφῶσαν.traducao,trifosa,,trifosa
$.τρυφῶσαν.pt,trifosa,,trifosa
$.τρωγυλλίῳ.traducao,trogílio,,a trogílio
$.τρωγυλλίῳ.pt,trogílio,,a trogílio
$.φάλεγ.traducao,Pelegue,Delegue | Relegue | Pelugem,Pelegue
$.φάλεγ.pt,Pelegue,Delegue | Relegue | Pelugem,Pelegue
$.φλέγοντα.traducao,Flegon,Felino,Flegon
$.φλέγοντα.pt,Flegon,Felino,Flegon
$.φοίνικας.traducao,palmeiros,palmeiras | Palmeiras | palheiros | paliemos,palmeiros
$.φοίνικας.pt,palmeiros,palmeiras | Palmeiras | palheiros | paliemos,palmeiros
$.χρηματισμός.traducao,resposto,resposta | reposto,resposto divina
$.χρηματισμός.pt,resposto,resposta | reposto,resposto divina
$.ὡσηὲ.traducao,Oséias,Oséas | Odeias | Oseas | Osias | Ozéias | Oleias,Oséias
$.ὡσηὲ.pt,Oséias,Oséas | Odeias | Oseas | Osias | Ozéias | Oleias,Oséias
