grego;strongs;campo;palavra_original;decisao;antes;depois
Ἀββά;5;traducao;abba;Abba;Abba;Abba
Ἀββά;5;pt;abba;Abba;Abba;Abba
Ἅβελ;6;traducao;abel;Abel;Abel;Abel
Ἅβελ;6;pt;abel;Abel;Abel;Abel
Ἀβιά;7;traducao;abias;Abias;Abias;Abias
Ἀβιά;7;pt;abias;Abias;Abias;Abias
Ἀβιάθαρ;8;traducao;abiatar;Abiatar;Abiatar;Abiatar
Ἀβιάθαρ;8;pt;abiatar;Abiatar;Abiatar;Abiatar
Ἀβιληνῆς;9;traducao;abilene;Abilene;da Abilene;da Abilene
Ἀβιληνῆς;9;pt;abilene;Abilene;da Abilene;da Abilene
Ἀβιούδ;10;traducao;abiúde;Abiúde;Abiúde;Abiúde
Ἀβιούδ;10;pt;abiúde;Abiúde;Abiúde;Abiúde
Ἄγαβος;13;traducao;ágabo;Ágabo;Ágabo;Ágabo
Ἄγαβος;13;pt;ágabo;Ágabo;Ágabo;Ágabo
ἀγαπῶ;25;traducao;prefero;preferir;eu amo, no sentido de prefero (ação, não sentimento);eu amo, no sentido de preferir (ação, não sentimento)
ἀγαπῶμεν;25;traducao;preferamos;preferir;nós amemos, no sentido de preferamos (ação, não sentimento);nós amemos, no sentido de preferir (ação, não sentimento)
ἀγαπᾶτέ;25;traducao;preferais;preferir;vós ameis, no sentido de preferais (ação, não sentimento);vós ameis, no sentido de preferir (ação, não sentimento)
ᾅδῃ;86;traducao;hade;Hades;ao hade;ao Hades
ᾅδῃ;86;pt;hade;Hades;ao hade;ao Hades
ᾅδου;86;traducao;hades;Hades;do Hades;do Hades
ᾅδου;86;pt;hades;Hades;do Hades;do Hades
ᾅδης;86;traducao;hades;Hades;Hades;Hades
ᾅδης;86;pt;hades;Hades;Hades;Hades
ᾅδην;86;traducao;hades;Hades;Hades;Hades
ᾅδην;86;pt;hades;Hades;Hades;Hades
ἀδικήσωσιν;91;traducao;feram;firam;eles(as) façam o mal, agam injustamente, feram;eles(as) façam o mal, agam injustamente, firam
Ἀζώρ;107;traducao;azor;Azor;Azor;Azor
Ἀζώρ;107;pt;azor;Azor;Azor;Azor
Ἀθήναις;116;traducao;atenas;Atenas;Atenas;Atenas
Ἀθήναις;116;pt;atenas;Atenas;Atenas;Atenas
Ἀθηνῶν;116;traducao;atenas;Atenas;Atenas;Atenas
Ἀθηνῶν;116;pt;atenas;Atenas;Atenas;Atenas
Αἰγύπτῳ;125;traducao;egito;Egito;ao Egito;ao Egito
Αἰγύπτῳ;125;pt;egito;Egito;ao Egito;ao Egito
Αἰγύπτου;125;traducao;egito;Egito;do Egito;do Egito
Αἰγύπτου;125;pt;egito;Egito;do Egito;do Egito
Αἴγυπτος;125;traducao;egita;Egito;egita;Egito
Αἴγυπτος;125;pt;egita;Egito;egita;Egito
Αἴγυπτον;125;traducao;egito;Egito;Egito;Egito
Αἴγυπτον;125;pt;egito;Egito;Egito;Egito
Αἰνέα;132;traducao;enéio;Enéias;enéio;Enéias
Αἰνέα;132;pt;enéio;Enéias;enéio;Enéias
Αἰνέαν;132;traducao;enéio;Enéias;enéio;Enéias
Αἰνέαν;132;pt;enéio;Enéias;enéio;Enéias
εἵλετο;138;traducao;prefera;prefira;ele(a) tome, escolha, prefera;ele(a) tome, escolha, prefira
ἄρῃ;142;traducao;ergua;erga;ele(a) ergua, levante, tome, carregue, remova;ele(a) erga, levante, tome, carregue, remova
ἀράτω;142;traducao;ergua;erga;ele(a) ergua, levante, tome, carregue, remova;ele(a) erga, levante, tome, carregue, remova
ἄρῃ;142;pt;ergua;erga;ergua;erga
ἀράτω;142;pt;ergua;erga;ergua;erga
αἰτήσηται;154;traducao;exijisse;exigisse;ele(a) pedisse, solicitasse, exijisse;ele(a) pedisse, solicitasse, exigisse
ἀλείψωσιν;218;traducao;ungam;unjam;eles(as) ungam;eles(as) unjam
ἀλείψωσιν;218;pt;ungam;unjam;ungam;unjam
Ἀλέξανδρος;223;traducao;alexandre;Alexandre;Alexandre;Alexandre
Ἀλέξανδρος;223;pt;alexandre;Alexandre;Alexandre;Alexandre
Ἀλέξανδρον;223;traducao;alexandre;Alexandre;Alexandre;Alexandre
Ἀλέξανδρον;223;pt;alexandre;Alexandre;Alexandre;Alexandre
Ἀλεξάνδρου;223;traducao;alexandre;Alexandre;do Alexandre;do Alexandre
Ἀλεξάνδρου;223;pt;alexandre;Alexandre;do Alexandre;do Alexandre
Ἁλφαίου;256;traducao;alfeu;Alfeu;de Alfeu;de Alfeu
Ἁλφαίου;256;pt;alfeu;Alfeu;de Alfeu;de Alfeu
Ἀμιναδάβ;284;traducao;aminadabe;Aminadabe;Aminadabe;Aminadabe
Ἀμιναδάβ;284;pt;aminadabe;Aminadabe;Aminadabe;Aminadabe
Ἀμπλιᾶτος;291;traducao;amplíato;Amplíato;Amplíato;Amplíato
Ἀμπλιᾶτος;291;pt;amplíato;Amplíato;Amplíato;Amplíato
ἀμπλίαν;291;traducao;amplíato;Amplíato;Amplíato;Amplíato
ἀμπλίαν;291;pt;amplíato;Amplíato;Amplíato;Amplíato
Ἀμφίπολιν;295;traducao;anfípoli;Anfípolis;anfípoli;Anfípolis
Ἀμφίπολιν;295;pt;anfípoli;Anfípolis;anfípoli;Anfípolis
Ἀμών;300;traducao;amon;Amon;Amon;Amon
Ἀμών;300;pt;amon;Amon;Amon;Amon
Ἀμώς;301;traducao;amós;Amós;Amós;Amós
Ἀμώς;301;pt;amós;Amós;Amós;Amós
ἀναβαίνουσιν;305;traducao;subem;subam;eles(as) subem;eles(as) subam
ἀναβαίνουσιν;305;pt;subem;sobem;subem;sobem
ἀνεῖλον;337;traducao;destruiram;destruíram;eles(as) ocuparam, mataram, aboliram, destruiram;eles(as) ocuparam, mataram, aboliram, destruíram
ἀνείλετε;337;traducao;destruistes;destruístes;vós ocupastes, matastes, abolistes, destruistes;vós ocupastes, matastes, abolistes, destruístes
Ἁνανίας;367;traducao;ananias;Ananias;Ananias;Ananias
Ἁνανίας;367;pt;ananias;Ananias;Ananias;Ananias
Ἁνανία;367;traducao;ananias;Ananias;Ananias;Ananias
Ἁνανία;367;pt;ananias;Ananias;Ananias;Ananias
Ἁνανίαν;367;traducao;ananias;Ananias;Ananias;Ananias
Ἁνανίαν;367;pt;ananias;Ananias;Ananias;Ananias
ἀναπαύσωνται;373;pt;desçansar;descansar;desçansar;descansar
ἀναπαύσωνται;373;traducao;desçansar;descansar;desçansar, refresçar, dar desçanso;descansar, refresçar, dar desçanso
ἀναπαύσωνται;373;traducao;refresçar;refrescar;descansar, refresçar, dar desçanso;descansar, refrescar, dar desçanso
ἀναπαύσωνται;373;traducao;desçanso;descanso;descansar, refrescar, dar desçanso;descansar, refrescar, dar descanso
ἀνέθετο;394;traducao;expeu;expôs;ele(a) expeu, declarou, colocou diante, comunicou;ele(a) expôs, declarou, colocou diante, comunicou
ἀνεθέμην;394;traducao;expi;expus;eu expi, declarei, coloquei diante, comuniquei;eu expus, declarei, coloquei diante, comuniquei
ἀνέθετο;394;pt;expeu;expôs;expeu;expôs
ἀνεθέμην;394;pt;expi;expus;expi;expus
Ἀνδρέας;406;traducao;andré;André;André;André
Ἀνδρέας;406;pt;andré;André;André;André
Ἀνδρέαν;406;traducao;andré;André;André;André
Ἀνδρέαν;406;pt;andré;André;André;André
Ἀνδρέᾳ;406;traducao;andré;André;ao André;ao André
Ἀνδρέᾳ;406;pt;andré;André;ao André;ao André
Ἀνδρέου;406;traducao;andré;André;de André;de André
Ἀνδρέου;406;pt;andré;André;de André;de André
ἀνδρόνικον;408;traducao;andrônico;Andrônico;Andrônico;Andrônico
ἀνδρόνικον;408;pt;andrônico;Andrônico;Andrônico;Andrônico
ἀνθέστηκεν;436;traducao;opeu;opôs;ele(a) resistiu, se opeu;ele(a) resistiu, se opôs
ἀνθεστηκότες;436;traducao;opido;oposto;tendo resistido, tendo opido;tendo resistido, tendo oposto
Ἅννα;451;traducao;ana;Ana;Ana;Ana
Ἅννα;451;pt;ana;Ana;Ana;Ana
ἀντιλέγοντα;483;traducao;opendo;opondo;falando contra, opendo, contradizendo;falando contra, opondo, contradizendo
Ἀντιοχείᾳ;490;traducao;antioquia;Antioquia;a Antioquia;a Antioquia
Ἀντιοχείᾳ;490;pt;antioquia;Antioquia;a Antioquia;a Antioquia
Ἀντιόχειαν;490;traducao;antioquia;Antioquia;Antioquia;Antioquia
Ἀντιόχειαν;490;pt;antioquia;Antioquia;Antioquia;Antioquia
Ἀντιοχείας;490;traducao;antioquia;Antioquia;de Antioquia;de Antioquia
Ἀντιοχείας;490;pt;antioquia;Antioquia;de Antioquia;de Antioquia
Ἀντιοχέα;491;traducao;antioquio;Antioquia;antioquio;Antioquia
Ἀντιοχέα;491;pt;antioquio;Antioquia;antioquio;Antioquia
ἀπεράντοις;562;traducao;sens;sem;às sens fim;às sem fim
ἀπεράντοις;562;pt;sens;sem;às sens fim;às sem fim
ἀπεῖχεν;568;traducao;abstia;abstinha;ele(a) tinha por inteiro, recebia, estava distante, se abstia;ele(a) tinha por inteiro, recebia, estava distante, se abstinha
ἀπέχεσθε;568;traducao;abstei;abstenhai;vós tende por inteiro, recebei, estai distante, vos abstei;vós tende por inteiro, recebei, estai distante, vos abstenhai
ἀπέχετε;568;traducao;estáis;estais;vós tendes por inteiro, recebeis, estáis distante, vos absteis;vós tendes por inteiro, recebeis, estais distante, vos absteis
ἀπέχετε;568;traducao;absteis;abstenhais;vós tendes por inteiro, recebeis, estais distante, vos absteis;vós tendes por inteiro, recebeis, estais distante, vos abstenhais
ἀποβάλητε;577;traducao;perdais;pecais;vós jogueis fora, perdais;vós jogueis fora, pecais
ἀποθνῄσκωμεν;599;traducao;perecamos;pereçamos;nós morramos, perecamos;nós morramos, pereçamos
ἀπέκρυψεν;613;traducao;manteu;manteve;ele(a) escondeu, manteu segredo;ele(a) escondeu, manteve segredo
ἀπέκρυψας;613;traducao;manteste;mantiveste;tu escondeste, manteste segredo;tu escondeste, mantiveste segredo
ἀπόλλυνται;622;pt;destróem;destroem;destróem;destroem
ἀπώλεσα;622;pt;destrui;destruí;destrui;destruí
ἀπόλλυνται;622;traducao;destróem;destroem;eles(as) destróem, perecem, perdem;eles(as) destroem, perecem, perdem
ἀπόλωνται;622;traducao;perdam;percam;eles(as) destruam, pereçam, perdam;eles(as) destruam, pereçam, percam
ἀπολέσωμεν;622;traducao;perecamos;pereçamos;nós destruamos, perecamos, perdamos;nós destruamos, pereçamos, perdamos
ἀπολέσωμεν;622;traducao;perdamos;percamos;nós destruamos, pereçamos, perdamos;nós destruamos, pereçamos, percamos
ἀπολέσητε;622;traducao;perdais;percais;vós destruais, pereçais, perdais;vós destruais, pereçais, percais
Ἀπολλύων;623;traducao;apoliom;Apoliom;Apoliom;Apoliom
Ἀπολλύων;623;pt;apoliom;Apoliom;Apoliom;Apoliom
Ἀπολλωνίαν;624;traducao;apolónia;Apolônia;Apolónia;Apolônia
Ἀπολλωνίαν;624;pt;apolónia;Apolônia;Apolónia;Apolônia
ἀποφυγόντας;668;pt;esçapado;escapado;tendo esçapado;tendo escapado
ἀποφυγόντας;668;traducao;esçapado;escapado;tendo esçapado, tendo fugido, tendo evitado;tendo escapado, tendo fugido, tendo evitado
ἀργυροκόπος;695;traducao;ourive;ourives;ourive;ourives
ἀργυροκόπος;695;pt;ourive;ourives;ourive;ourives
Ἁρέτα;702;traducao;areto;Aretas;do areto;do Aretas
Ἁρέτα;702;pt;areto;Aretas;do areto;do Aretas
Ἁριμαθαίας;707;traducao;arimatéia;Arimatéia;de Arimatéia;de Arimatéia
Ἁριμαθαίας;707;pt;arimatéia;Arimatéia;de Arimatéia;de Arimatéia
ἀριστοβούλου;711;traducao;aristóbulo;Aristóbulo;de Aristóbulo;de Aristóbulo
ἀριστοβούλου;711;pt;aristóbulo;Aristóbulo;de Aristóbulo;de Aristóbulo
Μαγεδών;717;traducao;armagedom;Armagedom;Armagedom;Armagedom
Μαγεδών;717;pt;armagedom;Armagedom;Armagedom;Armagedom
Ἃρ ͜ ;717;traducao;armagedom;Armagedom;Armagedom;Armagedom
Ἃρ ͜ ;717;pt;armagedom;Armagedom;Armagedom;Armagedom
ἁρμαγεδών;717;traducao;armagedom;Armagedom;Armagedom;Armagedom
ἁρμαγεδών;717;pt;armagedom;Armagedom;Armagedom;Armagedom
ἀρτεμᾶν;734;traducao;ártemas;Ártemas;Ártemas;Ártemas
ἀρτεμᾶν;734;pt;ártemas;Ártemas;Ártemas;Ártemas
Ἄρτεμις;735;traducao;ártemis;Ártemis;Ártemis;Ártemis
Ἄρτεμις;735;pt;ártemis;Ártemis;Ártemis;Ártemis
Ἀρτέμιδος;735;traducao;ártemis;Ártemis;de Ártemis;de Ártemis
Ἀρτέμιδος;735;pt;ártemis;Ártemis;de Ártemis;de Ártemis
Ἀρφαξάδ;742;traducao;arfaxade;Arfaxade;arfaxade;Arfaxade
Ἀρφαξάδ;742;pt;arfaxade;Arfaxade;arfaxade;Arfaxade
Ἀρχέλαος;745;traducao;arquelau;Arquelau;Arquelau;Arquelau
Ἀρχέλαος;745;pt;arquelau;Arquelau;Arquelau;Arquelau
Ἀρχίππῳ;751;traducao;arquipo;Arquipo;a Arquipo;a Arquipo
Ἀρχίππῳ;751;pt;arquipo;Arquipo;a Arquipo;a Arquipo
ἀρωμάτων;759;traducao;especiarios;especiarias;dos especiarios;dos especiarias
ἀρωμάτων;759;pt;especiarios;especiarias;dos especiarios;dos especiarias
Ἀσάφ;760;traducao;asafe;Asafe;Asafe;Asafe
Ἀσάφ;760;pt;asafe;Asafe;Asafe;Asafe
Ἀσήρ;768;traducao;aser;Aser;Aser;Aser
Ἀσήρ;768;pt;aser;Aser;Aser;Aser
ἀσσαρίου;787;traducao;assarion;assarion;de assarion;de assarion
ἀσσαρίου;787;pt;assarion;assarion;de assarion;de assarion
ἀσσαρίων;787;traducao;assariones;assarions;dos assariones;dos assarions
ἀσσαρίων;787;pt;assariones;assarions;dos assariones;dos assarions
ἀστραπτούσαις;797;pt;pisçando;piscando;pisçando;piscando
ἀστραπτούσαις;797;traducao;pisçando;piscando;pisçando, brilhando, brilhando como um relâmpago;piscando, brilhando, brilhando como um relâmpago
ἄστροις;798;traducao;estrelos;estrelas;aos estrelos;aos estrelas
ἄστροις;798;pt;estrelos;estrelas;aos estrelos;aos estrelas
ἄστρων;798;traducao;estrelos;estrelas;dos estrelos;dos estrelas
ἄστρων;798;pt;estrelos;estrelas;dos estrelos;dos estrelas
ἄστρα;798;traducao;estrelos;estrelas;estrelos;estrelas
ἄστρα;798;pt;estrelos;estrelas;estrelos;estrelas
ἀσύγκριτον;799;traducao;assíncrito;Asíncrito;Assíncrito;Asíncrito
ἀσύγκριτον;799;pt;assíncrito;Asíncrito;Assíncrito;Asíncrito
Ἀττάλειαν;825;traducao;atália;Atália;Atália;Atália
Ἀττάλειαν;825;pt;atália;Atália;Atália;Atália
αὐτοκατάκριτος;843;traducao;autocondenado;autocondenado;autocondenado;autocondenado
αὐτοκατάκριτος;843;pt;autocondenado;autocondenado;autocondenado;autocondenado
ἀφανίζουσιν;853;pt;destróem;destroem;destróem;destroem
ἀφανίζουσιν;853;traducao;destróem;destroem;eles(as) destróem, desaparecem, tornam invisível;eles(as) destroem, desaparecem, tornam invisível
ἀφίστασο;868;traducao;cae;cai;tu parte, te retira, remove, abandona, cae;tu parte, te retira, remove, abandona, cai
Ἀχάζ;881;traducao;acaz;Acaz;Acaz;Acaz
Ἀχάζ;881;pt;acaz;Acaz;Acaz;Acaz
Ἀχίμ;885;traducao;aquim;Aquim;Aquim;Aquim
Ἀχίμ;885;pt;aquim;Aquim;Aquim;Aquim
Ἀχείμ;885;traducao;aquim;Aquim;Aquim;Aquim
Ἀχείμ;885;pt;aquim;Aquim;Aquim;Aquim
Βαλαάμ;903;traducao;balaão;Balaão;Balaão;Balaão
Βαλαάμ;903;pt;balaão;Balaão;Balaão;Balaão
Βαλὰκ;904;traducao;balaque;Balaque;Balaque;Balaque
Βαλὰκ;904;pt;balaque;Balaque;Balaque;Balaque
βαπτίσωνται;907;traducao;imergam;imergiam;eles(as) batizem, imergam, mergulhem;eles(as) batizem, imergiam, mergulhem
Βαραββᾶν;912;traducao;barrabás;Barrabás;Barrabás;Barrabás
Βαραββᾶν;912;pt;barrabás;Barrabás;Barrabás;Barrabás
Βαραββᾶς;912;traducao;barrabás;Barrabás;Barrabás;Barrabás
Βαραββᾶς;912;pt;barrabás;Barrabás;Barrabás;Barrabás
Βαράκ;913;traducao;baraque;Baraque;Baraque;Baraque
Βαράκ;913;pt;baraque;Baraque;Baraque;Baraque
βαρσαβᾶν;923;traducao;barrabás;Barrabás;Barrabás;Barrabás
βαρσαβᾶν;923;pt;barrabás;Barrabás;Barrabás;Barrabás
Βαρσαββᾶν;923;traducao;barsabás;Barsabás;Barsabás;Barsabás
Βαρσαββᾶν;923;pt;barsabás;Barsabás;Barsabás;Barsabás
Βαρτίμαιος;924;traducao;bartimeu;Bartimeu;Bartimeu;Bartimeu
Βαρτίμαιος;924;pt;bartimeu;Bartimeu;Bartimeu;Bartimeu
Βεελζεβοὺλ;954;traducao;belzebu;Belzebu;Belzebu;Belzebu
Βεελζεβοὺλ;954;pt;belzebu;Belzebu;Belzebu;Belzebu
Βελίαρ;955;traducao;beliar;Belial;Beliar;Belial
Βελίαρ;955;pt;beliar;Belial;Beliar;Belial
Βενιαμίν;958;traducao;benjamin;Benjamin;Benjamin;Benjamin
Βενιαμίν;958;pt;benjamin;Benjamin;Benjamin;Benjamin
Βερνίκη;959;traducao;berenice;Berenice;Berenice;Berenice
Βερνίκη;959;pt;berenice;Berenice;Berenice;Berenice
Βερνίκης;959;traducao;berenice;Berenice;da Berenice;da Berenice
Βερνίκης;959;pt;berenice;Berenice;da Berenice;da Berenice
Βεροίᾳ;960;traducao;beréia;Beréia;à Beréia;à Beréia
Βεροίᾳ;960;pt;beréia;Beréia;à Beréia;à Beréia
Βέροιαν;960;traducao;beréia;Beréia;Beréia;Beréia
Βέροιαν;960;pt;beréia;Beréia;Beréia;Beréia
Βεροιαῖος;961;traducao;bereano;Bereano;Bereano;Bereano
Βεροιαῖος;961;pt;bereano;Bereano;Bereano;Bereano
Βηθανίαν;963;traducao;betânia;Betânia;Betânia;Betânia
Βηθανίαν;963;pt;betânia;Betânia;Betânia;Betânia
Βηθανία;963;traducao;betânia;Betânia;Betânia;Betânia
Βηθανία;963;pt;betânia;Betânia;Betânia;Betânia
Βηθανίας;963;traducao;betânia;Betânia;de Betânia;de Betânia
Βηθανίας;963;pt;betânia;Betânia;de Betânia;de Betânia
βηθεσδά;964;traducao;betesda;Betesda;Betesda;Betesda
βηθεσδά;964;pt;betesda;Betesda;Betesda;Betesda
Βηθζαθά;964;traducao;betesdo;Betesda;Betesdo;Betesda
Βηθζαθά;964;pt;betesdo;Betesda;Betesdo;Betesda
Βηθσαιδά;966;traducao;betsaida;Betsaida;Betsaida;Betsaida
Βηθσαιδά;966;pt;betsaida;Betsaida;Betsaida;Betsaida
Βηθσαιδάν;966;traducao;betsaida;Betsaida;Betsaida;Betsaida
Βηθσαιδάν;966;pt;betsaida;Betsaida;Betsaida;Betsaida
Βηθφαγὴ;967;traducao;betfagé;Betfagé;Betfagé;Betfagé
Βηθφαγὴ;967;pt;betfagé;Betfagé;Betfagé;Betfagé
βηθσφαγὴ;967;traducao;betfagé;Betfagé;Betfagé;Betfagé
βηθσφαγὴ;967;pt;betfagé;Betfagé;Betfagé;Betfagé
Βιθυνίαν;978;traducao;bitínia;Bitínia;Bitínia;Bitínia
Βιθυνίαν;978;pt;bitínia;Bitínia;Bitínia;Bitínia
Βιθυνίας;978;traducao;bitínia;Bitínia;da Bitínia;da Bitínia
Βιθυνίας;978;pt;bitínia;Bitínia;da Bitínia;da Bitínia
Βοὲς;1003;traducao;boaz;Boaz;Boaz;Boaz
Βοὲς;1003;pt;boaz;Boaz;Boaz;Boaz
Βοός;1003;traducao;boaz;Boaz;Boaz;Boaz
Βοός;1003;pt;boaz;Boaz;Boaz;Boaz
Βοὸζ;1003;traducao;boaz;Boaz;Boaz;Boaz
Βοὸζ;1003;pt;boaz;Boaz;Boaz;Boaz
βορβόρου;1004;traducao;lamo;lama;do lamo;do lama
βορβόρου;1004;pt;lamo;lama;do lamo;do lama
Βοσόρ;1007;traducao;bosor;Bosor;bosor;Bosor
Βοσόρ;1007;pt;bosor;Bosor;bosor;Bosor
Γαβριὴλ;1043;traducao;gabriel;Gabriel;Gabriel;Gabriel
Γαβριὴλ;1043;pt;gabriel;Gabriel;Gabriel;Gabriel
γαζοφυλακίῳ;1049;traducao;tesourario;tesouraria;a tesourario;a tesouraria
γαζοφυλακίῳ;1049;pt;tesourario;tesouraria;a tesourario;a tesouraria
γαζοφυλακίου;1049;traducao;tesourario;tesouraria;de tesourario;de tesouraria
γαζοφυλακίου;1049;pt;tesourario;tesouraria;de tesourario;de tesouraria
Γαλάται;1052;traducao;gálatos;gálatas;Gálatos;Gálatas
Γαλάται;1052;pt;gálatos;gálatas;Gálatos;Gálatas
Γαλατίας;1053;traducao;galácia;Galácia;da Galácia;da Galácia
Γαλατίας;1053;pt;galácia;Galácia;da Galácia;da Galácia
Γαλατίαν;1053;traducao;galácia;Galácia;Galácia;Galácia
Γαλατίαν;1053;pt;galácia;Galácia;Galácia;Galácia
Γαλιλαίας;1056;traducao;galiléia;Galiléia;da Galiléia;da Galiléia
Γαλιλαίας;1056;pt;galiléia;Galiléia;da Galiléia;da Galiléia
Γαλιλαίαν;1056;traducao;galiléia;Galiléia;Galiléia;Galiléia
Γαλιλαίαν;1056;pt;galiléia;Galiléia;Galiléia;Galiléia
Γαλιλαία;1056;traducao;galiléia;Galiléia;Galiléia;Galiléia
Γαλιλαία;1056;pt;galiléia;Galiléia;Galiléia;Galiléia
Γαλιλαῖοι;1057;traducao;galiléia;Galiléia;Galileu, da Galiléia;Galileu, da Galiléia
Γαλιλαῖος;1057;traducao;galiléia;Galiléia;Galileu, da Galiléia;Galileu, da Galiléia
Γαμαλιήλ;1059;traducao;gamaliel;Gamaliel;Gamaliel;Gamaliel
Γαμαλιήλ;1059;pt;gamaliel;Gamaliel;Gamaliel;Gamaliel
Γεθσημανί;1068;traducao;getsêmani;Getsêmani;Getsêmani;Getsêmani
Γεθσημανί;1068;pt;getsêmani;Getsêmani;Getsêmani;Getsêmani
γεθσημανῆ;1068;traducao;getsêmani;Getsêmani;Getsêmani;Getsêmani
γεθσημανῆ;1068;pt;getsêmani;Getsêmani;Getsêmani;Getsêmani
Γεννησαρέτ;1082;traducao;genesaré;Genesaré;Genesaré;Genesaré
Γεννησαρέτ;1082;pt;genesaré;Genesaré;Genesaré;Genesaré
Γεργεσηνῶν;1086;traducao;gergesenos;Gergesenos;dos Gergesenos;dos Gergesenos
Γεργεσηνῶν;1086;pt;gergesenos;Gergesenos;dos Gergesenos;dos Gergesenos
Γομόρροις;1116;traducao;gomorros;Gomorra;aos Gomorros;aos Gomorra
Γομόρροις;1116;pt;gomorros;Gomorra;aos Gomorros;aos Gomorra
Γομόρρας;1116;traducao;gomorra;Gomorra;da Gomorra;da Gomorra
Γομόρρας;1116;pt;gomorra;Gomorra;da Gomorra;da Gomorra
Γομόρρων;1116;traducao;gomorros;Gomorra;dos Gomorros;dos Gomorra
Γομόρρων;1116;pt;gomorros;Gomorra;dos Gomorros;dos Gomorra
Γόμορρα;1116;traducao;gomorra;Gomorra;Gomorra;Gomorra
Γόμορρα;1116;pt;gomorra;Gomorra;Gomorra;Gomorra
γραμματεῦσιν;1122;traducao;escribos;escribas;aos escribos;aos escribas
γραμματεῦσιν;1122;pt;escribos;escribas;aos escribos;aos escribas
Γὼγ;1136;traducao;gogue;Gogue;Gogue;Gogue
Γὼγ;1136;pt;gogue;Gogue;Gogue;Gogue
Δαυίδ;1138;traducao;davi;Davi;Davi;Davi
Δαυίδ;1138;pt;davi;Davi;Davi;Davi
Δαλμανουθά;1148;traducao;dalmanuta;Dalmanuta;Dalmanuta;Dalmanuta
Δαλμανουθά;1148;pt;dalmanuta;Dalmanuta;Dalmanuta;Dalmanuta
Δαλματίαν;1149;traducao;dalmácia;Dalmácia;Dalmácia;Dalmácia
Δαλματίαν;1149;pt;dalmácia;Dalmácia;Dalmácia;Dalmácia
Δάμαρις;1152;traducao;damares;Damares;Damares;Damares
Δάμαρις;1152;pt;damares;Damares;Damares;Damares
Δανιὴλ;1158;traducao;daniel;Daniel;Daniel;Daniel
Δανιὴλ;1158;pt;daniel;Daniel;Daniel;Daniel
ἐδειγμάτισεν;1165;traducao;expeu;expôs;ele(a) deu exemplo público, expeu, desonrou;ele(a) deu exemplo público, expôs, desonrou
Δεκαπόλει;1179;traducao;decápoli;Decápolis;à Decápoli;à Decápolis
Δεκαπόλει;1179;pt;decápoli;Decápolis;à Decápoli;à Decápolis
Δεκαπόλεως;1179;traducao;decápolis;Decápolis;de Decápolis;de Decápolis
Δεκαπόλεως;1179;pt;decápolis;Decápolis;de Decápolis;de Decápolis
Δερβαῖος;1190;traducao;derbean;derbeano;derbean;derbeano
Δερβαῖος;1190;pt;derbean;derbeano;derbean;derbeano
Δέρβην;1191;traducao;derbe;Derbe;Derbe;Derbe
Δέρβην;1191;pt;derbe;Derbe;Derbe;Derbe
Δημᾶς;1214;traducao;demas;Demas;Demas;Demas
Δημᾶς;1214;pt;demas;Demas;Demas;Demas
Δημητρίῳ;1216;traducao;demétrio;Demétrio;ao Demétrio;ao Demétrio
Δημητρίῳ;1216;pt;demétrio;Demétrio;ao Demétrio;ao Demétrio
Δημήτριος;1216;traducao;demétrio;Demétrio;Demétrio;Demétrio
Δημήτριος;1216;pt;demétrio;Demétrio;Demétrio;Demétrio
Διοσκούροις;1359;traducao;dióscuros;gêmeos;aos dióscuros;aos gêmeos
Διοσκούροις;1359;pt;dióscuros;gêmeos;aos dióscuros;aos gêmeos
Διοτρέφης;1361;traducao;diótrefe;Diótrofes;diótrefe;Diótrofes
Διοτρέφης;1361;pt;diótrefe;Diótrofes;diótrefe;Diótrofes
Δρουσίλλῃ;1409;traducao;drusila;Drusila;à Drusila;à Drusila
Δρουσίλλῃ;1409;pt;drusila;Drusila;à Drusila;à Drusila
Ἔβερ;1443;traducao;éber;Éber;Éber;Éber
Ἔβερ;1443;pt;éber;Éber;Éber;Éber
ἐγκρατῆ;1468;traducao;autocontrolado;autocontrolado;autocontrolado;autocontrolado
ἐγκρατῆ;1468;pt;autocontrolado;autocontrolado;autocontrolado;autocontrolado
ἐγχρίσῃ;1472;traducao;esfrege;esfregue;ele(a) unja, esfrege;ele(a) unja, esfregue
Ἑζεκίαν;1478;traducao;ezequio;Ezequias;ezequio;Ezequias
Ἑζεκίαν;1478;pt;ezequio;Ezequias;ezequio;Ezequias
Ἑζεκίας;1478;traducao;ezequio;Ezequias;ezequio;Ezequias
Ἑζεκίας;1478;pt;ezequio;Ezequias;ezequio;Ezequias
ἐθνάρχης;1481;traducao;etnarco;etnarca;etnarco;etnarca
ἐθνάρχης;1481;pt;etnarco;etnarca;etnarco;etnarca
εἰώθει;1486;traducao;estara;estará;ele(a) estara acostumado;ele(a) estará acostumado
εἰώθει;1486;pt;estara;estará;estara acostumado;estará acostumado
εἰδῶμεν;1492;traducao;vêssemos;víssemos;nós vêssemos, soubéssemos, percebêssemos, estivéssemos atento;nós víssemos, soubéssemos, percebêssemos, estivéssemos atento
εἰδῶμεν;1492;pt;vêssemos;víssemos;vêssemos;víssemos
εἰδωλολάτραις;1496;traducao;idólatros;idólatras;aos idólatros;aos idólatras
εἰδωλολάτραις;1496;pt;idólatros;idólatras;aos idólatros;aos idólatras
εἰδωλολάτρης;1496;traducao;idólatro;idólatra;idólatro;idólatra
εἰδωλολάτρης;1496;pt;idólatro;idólatra;idólatro;idólatra
ἐξέδοτο;1554;traducao;entrege;entregue;ele(a) desista, entrege;ele(a) desista, entregue
ἐκκαθάρῃ;1571;traducao;purge;purgue;ele(a) limpe completamente, purge, purifique;ele(a) limpe completamente, purgue, purifique
ἐκλογὴ;1589;traducao;eleiçõe;eleições;eleiçõe;eleições
ἐκλογὴ;1589;pt;eleiçõe;eleições;eleiçõe;eleições
ἐκπίπτει;1601;pt;cae;cai;cae;cai
ἐκπέσωσιν;1601;traducao;perdam;percam;eles(as) caiam, falhem, perdam, caiam fora.;eles(as) caiam, falhem, percam, caiam fora.
ἐκπέσωμεν;1601;traducao;perdamos;percamos;nós caiamos, falhemos, perdamos, caiamos fora.;nós caiamos, falhemos, percamos, caiamos fora.
ἐκπέσητε;1601;traducao;perdais;percais;vós caiais, falheis, perdais, caiais fora.;vós caiais, falheis, percais, caiais fora.
ἐξέθεντο;1620;traducao;experam;expuseram;eles(as) experam, explicaram, declararam;eles(as) expuseram, explicaram, declararam
ἐξέθεντο;1620;pt;experam;expuseram;experam;expuseram
ἐκτεθέντος;1620;pt;expido;exposto;tendo sido expido;tendo sido exposto
ἐκτεθέντα;1620;pt;expido;exposto;tendo sido expido;tendo sido exposto
ἐκτεθέντος;1620;traducao;expido;exposto;tendo sido expido, tendo sido explicado, tendo sido declarado;tendo sido exposto, tendo sido explicado, tendo sido declarado
ἐκτεθέντα;1620;traducao;expido;exposto;tendo sido expido, tendo sido explicado, tendo sido declarado;tendo sido exposto, tendo sido explicado, tendo sido declarado
Ἐλαμῖται;1639;traducao;elamitos;elamitas;elamitos;elamitas
Ἐλαμῖται;1639;pt;elamitos;elamitas;elamitos;elamitas
ἠλάττωσας;1642;traducao;diminuiste;diminuíste;tu fizeste menos, diminuiste, foste inferior;tu fizeste menos, diminuíste, foste inferior
Ἐλεάζαρ;1648;traducao;eleazar;Eleazar;Eleazar;Eleazar
Ἐλεάζαρ;1648;pt;eleazar;Eleazar;Eleazar;Eleazar
ἐλέγχει;1651;traducao;expe;expõe;ele(a) condena, reprova, expe, refuta, corrige;ele(a) condena, reprova, expõe, refuta, corrige
ἐλέγχεται;1651;traducao;expe;expõe;ele(a) condena, reprova, expe, refuta, corrige;ele(a) condena, reprova, expõe, refuta, corrige
ἐλέγξει;1651;traducao;experá;exporá;ele(a) condenará, reprovará, experá, refutará, corrigirá;ele(a) condenará, reprovará, exporá, refutará, corrigirá
ἐλεγχθῇ;1651;traducao;expido;exposto;ele(a) seja condenado, seja reprovado, seja expido, seja refutado, seja corrigido;ele(a) seja condenado, seja reprovado, seja exposto, seja refutado, seja corrigido
ἐλέγχω;1651;traducao;expo;exponho;eu condeno, reprovo, expo, refuto, corrijo;eu condeno, reprovo, exponho, refuto, corrijo
ἔλεγχε;1651;traducao;expe;expõe;tu condena, reprova, expe, refuta, corrige;tu condena, reprova, expõe, refuta, corrige
ἔλεγξον;1651;traducao;expe;expõe;tu condena, reprova, expe, refuta, corrige;tu condena, reprova, expõe, refuta, corrige
ἐλέγχετε;1651;traducao;expei;expõe;vós condenai, reprovai, expei, refutai, corrigi;vós condenai, reprovai, expõe, refutai, corrigi
Ἐλιακίμ;1662;traducao;eliaquim;Eliaquim;Eliaquim;Eliaquim
Ἐλιακίμ;1662;pt;eliaquim;Eliaquim;Eliaquim;Eliaquim
Ἐλιακείμ;1662;traducao;eliaquim;Eliaquim;Eliaquim;Eliaquim
Ἐλιακείμ;1662;pt;eliaquim;Eliaquim;Eliaquim;Eliaquim
Ἐλιέζερ;1663;traducao;eliézer;Eliézer;Eliézer;Eliézer
Ἐλιέζερ;1663;pt;eliézer;Eliézer;Eliézer;Eliézer
Ἐλιούδ;1664;traducao;eliud;Eliúde;eliud;Eliúde
Ἐλιούδ;1664;pt;eliud;Eliúde;eliud;Eliúde
Ἐλισάβετ;1665;pt;elisabete;Elisabete;Elisabete;Elisabete
Ἐλισάβετ;1665;traducao;elisabete;Elisabete;Isabel ou Elisabete;Isabel ou Elisabete
Ἐλισαίου;1666;traducao;eliseu;Eliseu;do Eliseu;do Eliseu
Ἐλισαίου;1666;pt;eliseu;Eliseu;do Eliseu;do Eliseu
ἐλισσαίου;1666;traducao;eliseu;Eliseu;do Eliseu;do Eliseu
ἐλισσαίου;1666;pt;eliseu;Eliseu;do Eliseu;do Eliseu
Ἑλλάδα;1671;traducao;grécia;Grécia;Grécia;Grécia
Ἑλλάδα;1671;pt;grécia;Grécia;Grécia;Grécia
Ἐλμαδάμ;1678;traducao;elmadam;Elmadã;elmadam;Elmadã
Ἐλμαδάμ;1678;pt;elmadam;Elmadã;elmadam;Elmadã
ἐλμωδάμ;1678;traducao;elmadam;Elmadã;elmadam;Elmadã
ἐλμωδάμ;1678;pt;elmadam;Elmadã;elmadam;Elmadã
Ἐλύμας;1681;traducao;elimo;Elimas;elimo;Elimas
Ἐλύμας;1681;pt;elimo;Elimas;elimo;Elimas
Ἐμμανουήλ;1694;traducao;emanuel;Emanuel;Emanuel;Emanuel
Ἐμμανουήλ;1694;pt;emanuel;Emanuel;Emanuel;Emanuel
Ἐμμαούς;1695;traducao;emaú;Emaús;emaú;Emaús
Ἐμμαούς;1695;pt;emaú;Emaús;emaú;Emaús
Ἑμμὼρ;1697;traducao;hamor;Hamor;Hamor;Hamor
Ἑμμὼρ;1697;pt;hamor;Hamor;Hamor;Hamor
ἐμμὸρ;1697;traducao;hamor;Hamor;Hamor;Hamor
ἐμμὸρ;1697;pt;hamor;Hamor;Hamor;Hamor
ἐμπλησθῶ;1705;traducao;satisfazido;satisfeito;eu seja preenchido, seja satisfazido, seja cumprido;eu seja preenchido, seja satisfeito, seja cumprido
ἐνδόμησις;1739;traducao;edifícia;edifício;edifícia;edifício
ἐνδόμησις;1739;pt;edifícia;edifício;edifícia;edifício
ἔνεδρον;1749;traducao;embosçado;emboscada;embosçado;emboscada
ἔνεδρον;1749;pt;embosçado;emboscada;embosçado;emboscada
Ἐνώς;1800;traducao;eno;Enos;eno;Enos
Ἐνώς;1800;pt;eno;Enos;eno;Enos
ἐξείλετο;1807;traducao;entrege;entregue;ele(a) tire, entrege, resgate;ele(a) tire, entregue, resgate
ἐξείλετό;1807;traducao;entrege;entregue;ele(a) tire, entrege, resgate;ele(a) tire, entregue, resgate
ἐξειλόμην;1807;traducao;tir;tire;eu Tir, entreg, resgat;eu Tire, entreg, resgat
ἐξειλόμην;1807;traducao;entreg;entregue;eu Tire, entreg, resgat;eu Tire, entregue, resgat
ἐξειλόμην;1807;traducao;resgat;resgate;eu Tire, entregue, resgat;eu Tire, entregue, resgate
ἐξειλόμην;1807;pt;tir;tirai;Tir;Tirai
ἐξάρατε;1808;traducao;destrui;destruí;vós tirai, removei, levantai, destrui.;vós tirai, removei, levantai, destruí.
ἐξορκιστῶν;1845;traducao;exorcistos;exorcistas;dos exorcistos;dos exorcistas
ἐξορκιστῶν;1845;pt;exorcistos;exorcistas;dos exorcistos;dos exorcistas
ἐπαίνετον;1866;traducao;epineto;Epíneto;epineto;Epíneto
ἐπαίνετον;1866;pt;epineto;Epíneto;epineto;Epíneto
ἐπαναπαύσεται;1879;pt;desçansará;descansará;desçansará;descansará
ἐπαναπαύσεται;1879;traducao;desçansará;descansará;ele(a) desçansará, se estabelecerá, confiará em;ele(a) descansará, se estabelecerá, confiará em
Ἐπαφρᾶ;1889;traducao;epafro;Epafro;do Epafro;do Epafro
Ἐπαφρᾶ;1889;pt;epafro;Epafro;do Epafro;do Epafro
Ἐπαφρᾶς;1889;traducao;epafro;Epafro;Epafro;Epafro
Ἐπαφρᾶς;1889;pt;epafro;Epafro;Epafro;Epafro
Ἐπαφροδίτου;1891;traducao;epafrodito;Epafrodito;do Epafrodito;do Epafrodito
Ἐπαφροδίτου;1891;pt;epafrodito;Epafrodito;do Epafrodito;do Epafrodito
Ἐπαφρόδιτον;1891;traducao;epafrodito;Epafrodito;Epafrodito;Epafrodito
Ἐπαφρόδιτον;1891;pt;epafrodito;Epafrodito;Epafrodito;Epafrodito
ἐπέβην;1910;traducao;embarcei;embarquei;eu segui, embarcei, pisei;eu segui, embarquei, pisei
Ἐπικουρείων;1946;traducao;epicuristos;epicureus;dos epicuristos;dos epicureus
Ἐπικουρείων;1946;pt;epicuristos;epicureus;dos epicuristos;dos epicureus
ἐπιμείνῃς;1961;traducao;permaneca;permaneça;ele(a) permaneca, continue, persista, fique;ele(a) permaneça, continue, persista, fique
ἐπιμείνωσιν;1961;traducao;permanecam;permaneçam;eles(as) permanecam, continuem, persistam, fiquem;eles(as) permaneçam, continuem, persistam, fiquem
ἐπιμείνῃς;1961;pt;permaneca;permaneça;permaneca;permaneça
ἐπιμείνωσιν;1961;pt;permanecam;permaneçam;permanecam;permaneçam
ἐπέφερον;2018;traducao;impiam;impunham;eles(as) traziam, infligiam, impiam;eles(as) traziam, infligiam, impunham
Ἔραστος;2037;traducao;erasto;Erasto;Erasto;Erasto
Ἔραστος;2037;pt;erasto;Erasto;Erasto;Erasto
Ἔραστον;2037;traducao;erasto;Erasto;Erasto;Erasto
Ἔραστον;2037;pt;erasto;Erasto;Erasto;Erasto
ἑρμᾶν;2057;traducao;hermo;Hermas;hermo;Hermas
ἑρμᾶν;2057;pt;hermo;Hermas;hermo;Hermas
Ἑρμῆν;2060;traducao;herme;Hermes;herme;Hermes
Ἑρμῆν;2060;pt;herme;Hermes;herme;Hermes
Ἑρμογένης;2061;traducao;hermógene;Hermógenes;hermógene;Hermógenes
Ἑρμογένης;2061;pt;hermógene;Hermógenes;hermógene;Hermógenes
ἐσθήσεσιν;2066;traducao;vestuárias;vestes;às vestuárias;às vestes
ἐσθήσεσιν;2066;pt;vestuárias;vestes;às vestuárias;às vestes
Ἑσλὶ;2069;traducao;hesli;Hesli;hesli;Hesli
Ἑσλὶ;2069;pt;hesli;Hesli;hesli;Hesli
Ἑσρώμ;2074;traducao;esrom;Esrom;Esrom;Esrom
Ἑσρώμ;2074;pt;esrom;Esrom;Esrom;Esrom
ἑτερογλώσσοις;2084;traducao;des;de;aos des outra língua;aos de outra língua
ἑτερογλώσσοις;2084;pt;des;de;aos des outra língua;aos de outra língua
εὐαγγελιστοῦ;2099;traducao;evangelisto;evangelista;do evangelisto;do evangelista
εὐαγγελιστοῦ;2099;pt;evangelisto;evangelista;do evangelisto;do evangelista
εὐαγγελιστάς;2099;traducao;evangelistos;evangelistas;evangelistos;evangelistas
εὐαγγελιστάς;2099;pt;evangelistos;evangelistas;evangelistos;evangelistas
εὔβουλος;2103;traducao;êubulo;Êubulo;Êubulo;Êubulo
εὔβουλος;2103;pt;êubulo;Êubulo;Êubulo;Êubulo
εὐνίκῃ;2131;traducao;eunice;Eunice;à Eunice;à Eunice
εὐνίκῃ;2131;pt;eunice;Eunice;à Eunice;à Eunice
εὐοδίαν;2136;traducao;euódia;Evódia;Euódia;Evódia
εὐοδίαν;2136;pt;euódia;Evódia;Euódia;Evódia
εὕρῃς;2147;traducao;obtas;obtenhas;tu encontres, descubras, obtas;tu encontres, descubras, obtenhas
εὐρακύλων;2148;traducao;euroclydon;Euráquilo;euroclydon;Euráquilo
εὐρακύλων;2148;pt;euroclydon;Euráquilo;euroclydon;Euráquilo
εὐροκλύδων;2148;traducao;euroclydon;Euráquilo;euroclydon;Euráquilo
εὐροκλύδων;2148;pt;euroclydon;Euráquilo;euroclydon;Euráquilo
εὔτυχος;2161;traducao;êutico;Êutico;Êutico;Êutico
εὔτυχος;2161;pt;êutico;Êutico;Êutico;Êutico
εὐφράτῃ;2166;traducao;eufrate;Eufrates;ao Eufrate;ao Eufrates
εὐφράτῃ;2166;pt;eufrate;Eufrates;ao Eufrate;ao Eufrates
εὐφράτην;2166;traducao;eufrate;Eufrate;Eufrate;Eufrate
εὐφράτην;2166;pt;eufrate;Eufrate;Eufrate;Eufrate
εὐχὴ;2171;traducao;oraçõe;orações;oraçõe;orações
εὐχὴ;2171;pt;oraçõe;orações;oraçõe;orações
Ἐφέσῳ;2181;traducao;éfeso;Éfeso;a Éfeso;a Éfeso
Ἐφέσῳ;2181;pt;éfeso;Éfeso;a Éfeso;a Éfeso
Ἐφέσου;2181;traducao;éfesa;Éfeso;da éfesa;da Éfeso
Ἐφέσου;2181;pt;éfesa;Éfeso;da éfesa;da Éfeso
Ἔφεσον;2181;traducao;éfeso;Éfeso;Éfeso;Éfeso
Ἔφεσον;2181;pt;éfeso;Éfeso;Éfeso;Éfeso
Ἐφραὶμ;2187;traducao;efraim;Efraim;Efraim;Efraim
Ἐφραὶμ;2187;pt;efraim;Efraim;Efraim;Efraim
Ζαβουλὼν;2194;traducao;zebulon;Zebulon;Zebulon;Zebulon
Ζαβουλὼν;2194;pt;zebulon;Zebulon;Zebulon;Zebulon
Ζακχαῖος;2195;traducao;zaqueu;Zaqueu;Zaqueu;Zaqueu
Ζακχαῖος;2195;pt;zaqueu;Zaqueu;Zaqueu;Zaqueu
Ζακχαῖε;2195;traducao;zaqueu;Zaqueu;Zaqueu;Zaqueu
Ζακχαῖε;2195;pt;zaqueu;Zaqueu;Zaqueu;Zaqueu
Ζαρὰ;2196;traducao;zaro;Zara;zaro;Zara
Ζαρὰ;2196;pt;zaro;Zara;zaro;Zara
Ζαχαρίου;2197;traducao;zacarias;Zacarias;de Zacarias;de Zacarias
Ζαχαρίου;2197;pt;zacarias;Zacarias;de Zacarias;de Zacarias
Ζαχαρίας;2197;traducao;zacarias;Zacarias;Zacarias;Zacarias
Ζαχαρίας;2197;pt;zacarias;Zacarias;Zacarias;Zacarias
Ζαχαρίαν;2197;traducao;zacario;Zacarias;zacario;Zacarias
Ζαχαρίαν;2197;pt;zacario;Zacarias;zacario;Zacarias
Ζαχαρία;2197;traducao;zacario;Zacarias;zacario;Zacarias
Ζαχαρία;2197;pt;zacario;Zacarias;zacario;Zacarias
Ζεβεδαίου;2199;traducao;zebedeu;Zebedeu;de Zebedeu;de Zebedeu
Ζεβεδαίου;2199;pt;zebedeu;Zebedeu;de Zebedeu;de Zebedeu
Ζεβεδαῖον;2199;traducao;zebedeu;Zebedeu;Zebedeu;Zebedeu
Ζεβεδαῖον;2199;pt;zebedeu;Zebedeu;Zebedeu;Zebedeu
Διὸς;2203;traducao;zeu;Zeus;do Zeu;do Zeus
Διὸς;2203;pt;zeu;Zeus;do Zeu;do Zeus
Ζοροβάβελ;2216;traducao;zorobabel;Zorobabel;Zorobabel;Zorobabel
Ζοροβάβελ;2216;pt;zorobabel;Zorobabel;Zorobabel;Zorobabel
ηλι;2241;traducao;eli;Eli;eli;Eli
ηλι;2241;pt;eli;Eli;eli;Eli
Ἠλίᾳ;2243;traducao;elias;Elias;a Elias;a Elias
Ἠλίᾳ;2243;pt;elias;Elias;a Elias;a Elias
Ἠλίου;2243;traducao;elio;Elias;do elio;do Elias
Ἠλίου;2243;pt;elio;Elias;do elio;do Elias
Ἠλίας;2243;traducao;elias;Elias;Elias;Elias
Ἠλίας;2243;pt;elias;Elias;Elias;Elias
Ἠλίαν;2243;traducao;elias;Elias;Elias;Elias
Ἠλίαν;2243;pt;elias;Elias;Elias;Elias
Ἡρῴδῃ;2264;traducao;herodes;Herodes;a Herodes;a Herodes
Ἡρῴδῃ;2264;pt;herodes;Herodes;a Herodes;a Herodes
Ἡρῴδου;2264;traducao;herodes;Herodes;de Herodes;de Herodes
Ἡρῴδου;2264;pt;herodes;Herodes;de Herodes;de Herodes
Ἡρῴδης;2264;traducao;herodes;Herodes;Herodes;Herodes
Ἡρῴδης;2264;pt;herodes;Herodes;Herodes;Herodes
Ἡρῴδην;2264;traducao;herodes;Herodes;Herodes;Herodes
Ἡρῴδην;2264;pt;herodes;Herodes;Herodes;Herodes
Ἡρῳδιάδος;2266;traducao;herodias;Herodias;de Herodias;de Herodias
Ἡρῳδιάδος;2266;pt;herodias;Herodias;de Herodias;de Herodias
Ἡρῳδιάδα;2266;traducao;herodias;Herodias;Herodias;Herodias
Ἡρῳδιάδα;2266;pt;herodias;Herodias;Herodias;Herodias
Ἡρῳδιὰς;2266;traducao;herodias;Herodias;Herodias;Herodias
Ἡρῳδιὰς;2266;pt;herodias;Herodias;Herodias;Herodias
ἡρῳδίωνα;2267;traducao;herodião;Herodião;herodião;Herodião
ἡρῳδίωνα;2267;pt;herodião;Herodião;herodião;Herodião
Ἠσαίᾳ;2268;traducao;isaío;Isaías;ao isaío;ao Isaías
Ἠσαίᾳ;2268;pt;isaío;Isaías;ao isaío;ao Isaías
Ἠσαίου;2268;traducao;isaías;Isaías;de Isaías;de Isaías
Ἠσαίου;2268;pt;isaías;Isaías;de Isaías;de Isaías
Ἠσαίας;2268;traducao;isaías;Isaías;Isaías;Isaías
Ἠσαίας;2268;pt;isaías;Isaías;Isaías;Isaías
Ἠσαίαν;2268;traducao;isaío;Isaías;isaío;Isaías
Ἠσαίαν;2268;pt;isaío;Isaías;isaío;Isaías
Ἠσαῦ;2269;traducao;esaú;Esaú;Esaú;Esaú
Ἠσαῦ;2269;pt;esaú;Esaú;Esaú;Esaú
Θαδδαῖον;2280;traducao;tadeu;Tadeu;Tadeu;Tadeu
Θαδδαῖον;2280;pt;tadeu;Tadeu;Tadeu;Tadeu
Θαδδαῖος;2280;traducao;tadeu;Tadeu;Tadeu;Tadeu
Θαδδαῖος;2280;pt;tadeu;Tadeu;Tadeu;Tadeu
Θάμαρ;2283;traducao;thamar;Tamar;thamar;Tamar
Θάμαρ;2283;pt;thamar;Tamar;thamar;Tamar
Θαρά;2291;traducao;tharo;Tara;tharo;Tara
Θαρά;2291;pt;tharo;Tara;tharo;Tara
Θεόφιλε;2321;traducao;teófilo;Teófilo;Teófilo;Teófilo
Θεόφιλε;2321;pt;teófilo;Teófilo;Teófilo;Teófilo
Θεσσαλονίκῃ;2332;traducao;tessalônica;Tessalônica;à Tessalônica;à Tessalônica
Θεσσαλονίκῃ;2332;pt;tessalônica;Tessalônica;à Tessalônica;à Tessalônica
Θεσσαλονίκης;2332;traducao;tessalônica;Tessalônica;da Tessalônica;da Tessalônica
Θεσσαλονίκης;2332;pt;tessalônica;Tessalônica;da Tessalônica;da Tessalônica
Θεσσαλονίκην;2332;traducao;tessalônica;Tessalônica;Tessalônica;Tessalônica
Θεσσαλονίκην;2332;pt;tessalônica;Tessalônica;Tessalônica;Tessalônica
Θευδᾶς;2333;traducao;teudo;Teudas;teudo;Teudas
Θευδᾶς;2333;pt;teudo;Teudas;teudo;Teudas
ἐτεθνήκει;2348;traducao;estara;estará;ele(a) morrera, estara morto;ele(a) morrera, estará morto
Θυατείροις;2363;traducao;tiatiros;Tiatira;aos Tiatiros;aos Tiatira
Θυατείροις;2363;pt;tiatiros;Tiatira;aos Tiatiros;aos Tiatira
Θυατείρων;2363;traducao;tiatiros;Tiatira;dos Tiatiros;dos Tiatira
Θυατείρων;2363;pt;tiatiros;Tiatira;dos Tiatiros;dos Tiatira
Θυάτειρα;2363;traducao;tiatiros;Tiatira;Tiatiros;Tiatira
Θυάτειρα;2363;pt;tiatiros;Tiatira;Tiatiros;Tiatira
θυμοί;2372;traducao;iros;iras;iros;iras
θυμοί;2372;pt;iros;iras;iros;iras
Ἰάϊρος;2383;traducao;jairo;Jairo;Jairo;Jairo
Ἰάϊρος;2383;pt;jairo;Jairo;Jairo;Jairo
ἰάειρος;2383;traducao;jairo;Jairo;Jairo;Jairo
ἰάειρος;2383;pt;jairo;Jairo;Jairo;Jairo
Ἰακώβ;2384;traducao;jacó;Jacó;Jacó;Jacó
Ἰακώβ;2384;pt;jacó;Jacó;Jacó;Jacó
Ἰακώβῳ;2385;traducao;jame;Tiago;ao jame;ao Tiago
Ἰακώβῳ;2385;pt;jame;Tiago;ao jame;ao Tiago
Ἰακώβου;2385;traducao;tiago;Tiago;de Tiago;de Tiago
Ἰακώβου;2385;pt;tiago;Tiago;de Tiago;de Tiago
Ἰάκωβον;2385;traducao;tiago;Tiago;Tiago;Tiago
Ἰάκωβον;2385;pt;tiago;Tiago;Tiago;Tiago
Ἰάκωβος;2385;traducao;tiago;Tiago;Tiago;Tiago
Ἰάκωβος;2385;pt;tiago;Tiago;Tiago;Tiago
Ἰαμβρῆς;2387;traducao;jambre;Jambres;jambre;Jambres
Ἰαμβρῆς;2387;pt;jambre;Jambres;jambre;Jambres
Ἰανναί;2388;traducao;jannai;Janai;jannai;Janai
Ἰανναί;2388;pt;jannai;Janai;jannai;Janai
ἰαννά;2388;traducao;jannai;Janai;jannai;Janai
ἰαννά;2388;pt;jannai;Janai;jannai;Janai
Ἰάρετ;2391;traducao;jared;Jarede;jared;Jarede
Ἰάρετ;2391;pt;jared;Jarede;jared;Jarede
ἰαρέδ;2391;traducao;jared;Jarede;jared;Jarede
ἰαρέδ;2391;pt;jared;Jarede;jared;Jarede
Ἰάσονος;2394;traducao;jasão;Jasão;do Jasão;do Jasão
Ἰάσονος;2394;pt;jasão;Jasão;do Jasão;do Jasão
Ἰάσων;2394;traducao;jasão;Jasão;Jasão;Jasão
Ἰάσων;2394;pt;jasão;Jasão;Jasão;Jasão
Ἰάσονα;2394;traducao;jasão;Jasão;Jasão;Jasão
Ἰάσονα;2394;pt;jasão;Jasão;Jasão;Jasão
Ἰδουμαίας;2401;traducao;iduméia;Iduméia;da Iduméia;da Iduméia
Ἰδουμαίας;2401;pt;iduméia;Iduméia;da Iduméia;da Iduméia
Ἰεζάβελ;2403;traducao;jezabel;Jezabel;Jezabel;Jezabel
Ἰεζάβελ;2403;pt;jezabel;Jezabel;Jezabel;Jezabel
ἱεραπόλει;2404;traducao;hierápoli;Hierápolis;à hierápoli;à Hierápolis
ἱεραπόλει;2404;pt;hierápoli;Hierápolis;à hierápoli;à Hierápolis
Ἰεφθάε;2422;traducao;jefté;Jefté;Jefté;Jefté
Ἰεφθάε;2422;pt;jefté;Jefté;Jefté;Jefté
Ἰεχονίαν;2423;traducao;jeconio;Jeconias;jeconio;Jeconias
Ἰεχονίαν;2423;pt;jeconio;Jeconias;jeconio;Jeconias
Ἰεχονίας;2423;traducao;jeconio;Jeconias;jeconio;Jeconias
Ἰεχονίας;2423;pt;jeconio;Jeconias;jeconio;Jeconias
Ἰκονίῳ;2430;traducao;icônio;Icônio;a Icônio;a Icônio
Ἰκονίῳ;2430;pt;icônio;Icônio;a Icônio;a Icônio
Ἰκονίου;2430;traducao;icônio;Icônio;de Icônio;de Icônio
Ἰκονίου;2430;pt;icônio;Icônio;de Icônio;de Icônio
Ἰκόνιον;2430;traducao;icônio;Icônio;Icônio;Icônio
Ἰκόνιον;2430;pt;icônio;Icônio;Icônio;Icônio
Ἰόππῃ;2445;traducao;jope;Jope;à Jope;à Jope
Ἰόππῃ;2445;pt;jope;Jope;à Jope;à Jope
Ἰόππης;2445;traducao;jope;Jope;de Jope;de Jope
Ἰόππης;2445;pt;jope;Jope;de Jope;de Jope
Ἰόππην;2445;traducao;jope;Jope;Jope;Jope
Ἰόππην;2445;pt;jope;Jope;Jope;Jope
Ἰορδάνῃ;2446;traducao;jordão;Jordão;ao Jordão;ao Jordão
Ἰορδάνῃ;2446;pt;jordão;Jordão;ao Jordão;ao Jordão
Ἰορδάνου;2446;traducao;jordão;Jordão;do Jordão;do Jordão
Ἰορδάνου;2446;pt;jordão;Jordão;do Jordão;do Jordão
Ἰορδάνην;2446;traducao;jordão;Jordão;Jordão;Jordão
Ἰορδάνην;2446;pt;jordão;Jordão;Jordão;Jordão
Ἰούδα;2448;traducao;judá;Judá;de Judá;de Judá
Ἰούδα;2448;pt;judá;Judá;de Judá;de Judá
Ἰωδά;2448;traducao;judá;Judá;Judá;Judá
Ἰωδά;2448;pt;judá;Judá;Judá;Judá
Ἰουδαίας;2449;traducao;judéia;Judéia;da Judéia;da Judéia
Ἰουδαίας;2449;pt;judéia;Judéia;da Judéia;da Judéia
Ἰουδαία;2449;traducao;judéia;Judéia;Judéia;Judéia
Ἰουδαία;2449;pt;judéia;Judéia;Judéia;Judéia
Ἰουδαίαν;2449;traducao;judéia;Judéia;Judéia;Judéia
Ἰουδαίαν;2449;pt;judéia;Judéia;Judéia;Judéia
ἰουλίαν;2456;traducao;júlia;Júlia;Júlia;Júlia
ἰουλίαν;2456;pt;júlia;Júlia;Júlia;Júlia
Ἰουλίῳ;2457;traducao;júlio;Júlio;ao Júlio;ao Júlio
Ἰουλίῳ;2457;pt;júlio;Júlio;ao Júlio;ao Júlio
Ἰούλιος;2457;traducao;júlio;Júlio;Júlio;Júlio
Ἰούλιος;2457;pt;júlio;Júlio;Júlio;Júlio
ἰουνίαν;2458;traducao;júnia;Júnia;Júnia;Júnia
ἰουνίαν;2458;pt;júnia;Júnia;Júnia;Júnia
Ἰσαάκ;2464;traducao;isaque;Isaque;Isaque;Isaque
Ἰσαάκ;2464;pt;isaque;Isaque;Isaque;Isaque
Ἰσσαχὰρ;2466;traducao;issacar;Issacar;Issacar;Issacar
Ἰσσαχὰρ;2466;pt;issacar;Issacar;Issacar;Issacar
ἰσαχάρ;2466;traducao;issacar;Issacar;Issacar;Issacar
ἰσαχάρ;2466;pt;issacar;Issacar;Issacar;Issacar
ἰσκαριώτῃ;2469;traducao;isçariote;Iscariotes;ao isçariote;ao Iscariotes
ἰσκαριώτῃ;2469;pt;isçariote;Iscariotes;ao isçariote;ao Iscariotes
Ἰσραηλίτης;2475;traducao;israelito;israelita;Israelito;Israelita
Ἰσραηλίτης;2475;pt;israelito;israelita;Israelito;Israelita
εἱστήκει;2476;traducao;estara;estará;ele(a) se posicionara, estara de pé, parara, estabelecera;ele(a) se posicionara, estará de pé, parara, estabelecera
εἱστήκεισαν;2476;traducao;estaram;estiveram;eles(as) se posicionaram, estaram de pé, pararam, estabeleceram;eles(as) se posicionaram, estiveram de pé, pararam, estabeleceram
Ἰταλίας;2482;traducao;itália;Itália;da Itália;da Itália
Ἰταλίας;2482;pt;itália;Itália;da Itália;da Itália
Ἰταλίαν;2482;traducao;itália;Itália;Itália;Itália
Ἰταλίαν;2482;pt;itália;Itália;Itália;Itália
Ἰτουραίας;2484;traducao;itureana;Itureia;da itureana;da Itureia
Ἰτουραίας;2484;pt;itureana;Itureia;da itureana;da Itureia
Ἰωαθάμ;2488;traducao;jotão;Jotão;Jotão;Jotão
Ἰωαθάμ;2488;pt;jotão;Jotão;Jotão;Jotão
Ἰωανάν;2490;traducao;john;João;john;João
Ἰωανάν;2490;pt;john;João;john;João
Ἰωήλ;2493;traducao;joel;Joel;Joel;Joel
Ἰωήλ;2493;pt;joel;Joel;Joel;Joel
Ἰωνάμ;2494;traducao;jonam;Jonas;jonam;Jonas
Ἰωνάμ;2494;pt;jonam;Jonas;jonam;Jonas
ἰωνάν;2494;traducao;jonam;Jonas;jonam;Jonas
ἰωνάν;2494;pt;jonam;Jonas;jonam;Jonas
Ἰωράμ;2496;traducao;joram;Jorão;Joram;Jorão
Ἰωράμ;2496;pt;joram;Jorão;Joram;Jorão
Ἰωσαφάτ;2498;traducao;josafá;Josafá;Josafá;Josafá
Ἰωσαφάτ;2498;pt;josafá;Josafá;Josafá;Josafá
Ἰωσῆτος;2500;traducao;josés;José;de Josés;de José
Ἰωσῆτος;2500;pt;josés;José;de Josés;de José
ἰωσή;2500;traducao;josé;José;do José;do José
ἰωσή;2500;pt;josé;José;do José;do José
ἰωσῆ;2500;traducao;josé;José;do José;do José
ἰωσῆ;2500;pt;josé;José;do José;do José
Ἰωσήφ;2501;traducao;josé;José;José;José
Ἰωσήφ;2501;pt;josé;José;José;José
Ἰωσήχ;2501;traducao;josé;José;José;José
Ἰωσήχ;2501;pt;josé;José;José;José
Ἰωσῆς;2501;traducao;josé;José;José;José
Ἰωσῆς;2501;pt;josé;José;José;José
Ἰωσίαν;2502;traducao;josio;Josias;josio;Josias
Ἰωσίαν;2502;pt;josio;Josias;josio;Josias
Ἰωσίας;2502;traducao;josio;Josias;josio;Josias
Ἰωσίας;2502;pt;josio;Josias;josio;Josias
ἰῶτα;2503;traducao;ioto;iota;ioto;iota
ἰῶτα;2503;pt;ioto;iota;ioto;iota
καθήσεσθε;2521;traducao;estáis;estais;vós sentais, estáis sentado, habitais;vós sentais, estais sentado, habitais
καταστήσωμεν;2525;traducao;estabelecamos;estabeleçamos;nós nomeemos, fixemos, estabelecamos, constituamos;nós nomeemos, fixemos, estabeleçamos, constituamos
Καιάφαν;2533;traducao;caifá;Caifás;Caifá;Caifás
Καιάφαν;2533;pt;caifá;Caifás;Caifá;Caifás
Καινάμ;2536;traducao;kainam;Cainam;kainam;Cainam
Καινάμ;2536;pt;kainam;Cainam;kainam;Cainam
καϊνάν;2536;traducao;kainam;Cainam;kainam;Cainam
καϊνάν;2536;pt;kainam;Cainam;kainam;Cainam
Καισαρείᾳ;2542;traducao;cesaréia;Cesareia;à cesaréia;à Cesareia
Καισαρείᾳ;2542;pt;cesaréia;Cesareia;à cesaréia;à Cesareia
Καισάρειαν;2542;traducao;cesareia;Cesareia;Cesareia;Cesareia
Καισάρειαν;2542;pt;cesareia;Cesareia;Cesareia;Cesareia
Καισαρείας;2542;traducao;cesareia;Cesareia;de Cesareia;de Cesareia
Καισαρείας;2542;pt;cesareia;Cesareia;de Cesareia;de Cesareia
κακοπαθείας;2552;traducao;sofrimenta;sofrimento;da sofrimenta;da sofrimento
κακοπαθείας;2552;pt;sofrimenta;sofrimento;da sofrimenta;da sofrimento
Κανὰ;2580;traducao;caná;Caná;Caná;Caná
Κανὰ;2580;pt;caná;Caná;Caná;Caná
Κανδάκης;2582;traducao;candace;Candace;da Candace;da Candace
Κανδάκης;2582;pt;candace;Candace;da Candace;da Candace
Καφαρναούμ;2584;traducao;cafarnaum;Cafarnaum;Cafarnaum;Cafarnaum
Καφαρναούμ;2584;pt;cafarnaum;Cafarnaum;Cafarnaum;Cafarnaum
Καπερναοὺμ;2584;traducao;cafarnaum;Cafarnaum;Cafarnaum;Cafarnaum
Καπερναοὺμ;2584;pt;cafarnaum;Cafarnaum;Cafarnaum;Cafarnaum
Καπερναούμ;2584;traducao;cafarnaum;Cafarnaum;Cafarnaum;Cafarnaum
Καπερναούμ;2584;pt;cafarnaum;Cafarnaum;Cafarnaum;Cafarnaum
Καππαδοκίαν;2587;traducao;capadócia;Capadócia;Capadócia;Capadócia
Καππαδοκίαν;2587;pt;capadócia;Capadócia;Capadócia;Capadócia
Καππαδοκίας;2587;traducao;capadócia;Capadócia;da Capadócia;da Capadócia
Καππαδοκίας;2587;pt;capadócia;Capadócia;da Capadócia;da Capadócia
καταλλαγὴ;2643;traducao;reconciliaçõe;reconciliações;reconciliaçõe;reconciliações
καταλλαγὴ;2643;pt;reconciliaçõe;reconciliações;reconciliaçõe;reconciliações
κατέλυσα;2647;pt;destrui;destruí;destrui;destruí
καταπίῃ;2666;traducao;engola;engula;ele(a) engola, devore, consuma;ele(a) engula, devore, consuma
καταπίῃ;2666;pt;engola;engula;engola;engula
κατάσχωμεν;2722;traducao;restringamos;restrinjamos;nós seguremos firme, restringamos, possuamos, mantenhamos;nós seguremos firme, restrinjamos, possuamos, mantenhamos
κατέχωμεν;2722;traducao;restringamos;restrinjamos;nós seguremos firme, restringamos, possuamos, mantenhamos;nós seguremos firme, restrinjamos, possuamos, mantenhamos
κατήφειαν;2726;traducao;desânima;desânimo;desânima;desânimo
κατήφειαν;2726;pt;desânima;desânimo;desânima;desânimo
Κενχρεαῖς;2747;traducao;cencréias;Cencréia;às Cencréias;às Cencréia
Κενχρεαῖς;2747;pt;cencréias;Cencréia;às Cencréias;às Cencréia
κεγχρεαῖς;2747;traducao;cencréias;Cencréia;às Cencréias;às Cencréia
κεγχρεαῖς;2747;pt;cencréias;Cencréia;às Cencréias;às Cencréia
Κέδρων;2748;traducao;cedron;Cedron;Cedron;Cedron
Κέδρων;2748;pt;cedron;Cedron;Cedron;Cedron
Κηφᾶς;2786;traducao;cefas;Cefas;Cefas;Cefas
Κηφᾶς;2786;pt;cefas;Cefas;Cefas;Cefas
Κηφᾶ;2786;traducao;cefas;Cefas;de Cefas;de Cefas
Κηφᾶ;2786;pt;cefas;Cefas;de Cefas;de Cefas
κιθαρῳδῶν;2790;traducao;harpistos;harpistas;dos harpistos;dos harpistas
κιθαρῳδῶν;2790;pt;harpistos;harpistas;dos harpistos;dos harpistas
Κιλικίαν;2791;traducao;cilícia;Cilícia;Cilícia;Cilícia
Κιλικίαν;2791;pt;cilícia;Cilícia;Cilícia;Cilícia
Κιλικίας;2791;traducao;cilícia;Cilícia;da Cilícia;da Cilícia
Κιλικίας;2791;pt;cilícia;Cilícia;da Cilícia;da Cilícia
κλαύδην;2802;traducao;cláudia;Cláudia;Cláudia;Cláudia
κλαύδην;2802;pt;cláudia;Cláudia;Cláudia;Cláudia
Καῦδα;2802;traducao;cláudio;Cláudio;Cláudio;Cláudio
Καῦδα;2802;pt;cláudio;Cláudio;Cláudio;Cláudio
Κλαυδία;2803;traducao;cláudia;Cláudia;Cláudia;Cláudia
Κλαυδία;2803;pt;cláudia;Cláudia;Cláudia;Cláudia
Κλαύδιον;2804;traducao;cláudio;Cláudio;Cláudio;Cláudio
Κλαύδιον;2804;pt;cláudio;Cláudio;Cláudio;Cláudio
Κλαύδιος;2804;traducao;cláudio;Cláudio;Cláudio;Cláudio
Κλαύδιος;2804;pt;cláudio;Cláudio;Cláudio;Cláudio
Κλαυδίου;2804;traducao;cláudio;Cláudio;do Cláudio;do Cláudio
Κλαυδίου;2804;pt;cláudio;Cláudio;do Cláudio;do Cláudio
Κλεόπας;2810;traducao;cléofo;Cleópas;cléofo;Cleópas
Κλεόπας;2810;pt;cléofo;Cleópas;cléofo;Cleópas
Κλωπᾶ;2832;traducao;clopas;Clopas;de Clopas;de Clopas
Κλωπᾶ;2832;pt;clopas;Clopas;de Clopas;de Clopas
Κνίδον;2834;traducao;cnida;Cnido;cnida;Cnido
Κνίδον;2834;pt;cnida;Cnido;cnida;Cnido
κολλύριον;2854;traducao;pomado;pomada;pomado para os olhos;pomada para os olhos
κολλύριον;2854;pt;pomado;pomada;pomado para os olhos;pomada para os olhos
ἐκομισάμην;2865;traducao;carregei;carreguei;eu recebi, trouxe, carregei, recuperei;eu recebi, trouxe, carreguei, recuperei
Κορίνθῳ;2882;traducao;corinto;Corinto;a Corinto;a Corinto
Κορίνθῳ;2882;pt;corinto;Corinto;a Corinto;a Corinto
Κόρινθον;2882;traducao;corinta;Corinto;corinta;Corinto
Κόρινθον;2882;pt;corinta;Corinto;corinta;Corinto
κράσπεδα;2899;traducao;franjos;franjas;franjos;franjas
κράσπεδα;2899;pt;franjos;franjas;franjos;franjas
ἐκράτησεν;2902;traducao;manteu;manteve;ele(a) segurou, agarrou, prendeu, manteu;ele(a) segurou, agarrou, prendeu, manteve
κρατήσωσιν;2902;traducao;mantam;mantenham;eles(as) apreendam, segurem, agarrem, retam, mantam;eles(as) apreendam, segurem, agarrem, retam, mantenham
κρατοῦσιν;2902;traducao;mantem;mantenham;eles(as) apreendem, seguram, agarram, retem, mantem;eles(as) apreendem, seguram, agarram, retem, mantenham
ἐκρατοῦντο;2902;traducao;retiam;retinham;eles(as) apreendiam, seguravam, agarravam, retiam, mantiam;eles(as) apreendiam, seguravam, agarravam, retinham, mantiam
ἐκρατοῦντο;2902;traducao;mantiam;mantinham;eles(as) apreendiam, seguravam, agarravam, retinham, mantiam;eles(as) apreendiam, seguravam, agarravam, retinham, mantinham
κεκράτηνται;2902;traducao;manteram;mantiveram;eles(as) seguraram, agarraram, prenderam, manteram;eles(as) seguraram, agarraram, prenderam, mantiveram
ἐκράτησαν;2902;traducao;manteram;mantiveram;eles(as) seguraram, agarraram, prenderam, manteram;eles(as) seguraram, agarraram, prenderam, mantiveram
κρατῶμεν;2902;traducao;mantamos;mantenhamos;nós apreendamos, seguremos, agarremos, retamos, mantamos;nós apreendamos, seguremos, agarremos, retamos, mantenhamos
κρατεῖς;2902;traducao;mantes;manténs;tu apreendes, seguras, agarras, retens, mantes;tu apreendes, seguras, agarras, retens, manténs
κρατεῖτε;2902;traducao;manteis;mantendes;vós apreendeis, segurais, agarrais, reteis, manteis;vós apreendeis, segurais, agarrais, reteis, mantendes
ἐκρατήσατέ;2902;traducao;mantestes;mantivestes;vós apreendestes, segurastes, agarrastes, retestes, mantestes;vós apreendestes, segurastes, agarrastes, retestes, mantivestes
κρατῆτε;2902;traducao;mantais;manteis;vós segureis, agarreis, prendais, mantais;vós segureis, agarreis, prendais, manteis
κρίνωμεν;2919;pt;julgemos;julguemos;julgemos;julguemos
κρίνωμεν;2919;traducao;julgemos;julguemos;nós julgemos, decidamos, determinemos;nós julguemos, decidamos, determinemos
ἔκρυψας;2928;traducao;manteste;mantiveste;tu escondeste, manteste segredo;tu escondeste, mantiveste segredo
Κύπρον;2954;traducao;chipre;Chipre;Chipre;Chipre
Κύπρον;2954;pt;chipre;Chipre;Chipre;Chipre
Κύπρου;2954;traducao;chipre;Chipre;da Chipre;da Chipre
Κύπρου;2954;pt;chipre;Chipre;da Chipre;da Chipre
Κυρήνην;2957;traducao;cirene;Cirene;Cirene;Cirene
Κυρήνην;2957;pt;cirene;Cirene;Cirene;Cirene
Κυρηνίου;2958;traducao;quirino;Quirino;do Quirino;do Quirino
Κυρηνίου;2958;pt;quirino;Quirino;do Quirino;do Quirino
κυριεύσῃ;2961;traducao;exerca;exerça;ele(a) tenha domínio, governe, domine, exerca autoridade.;ele(a) tenha domínio, governe, domine, exerça autoridade.
κωλύσῃς;2967;traducao;restringas;restrinjais;tu impeças, proíbas, restringas;tu impeças, proíbas, restrinjais
Λάμεχ;2984;traducao;lameque;Lameque;Lameque;Lameque
Λάμεχ;2984;pt;lameque;Lameque;Lameque;Lameque
Λαοδικείᾳ;2993;traducao;laodicéia;Laodicéia;a Laodicéia;a Laodicéia
Λαοδικείᾳ;2993;pt;laodicéia;Laodicéia;a Laodicéia;a Laodicéia
Λαοδικείας;2993;traducao;laodicéia;Laodicéia;da Laodicéia;da Laodicéia
Λαοδικείας;2993;pt;laodicéia;Laodicéia;da Laodicéia;da Laodicéia
Λαοδίκειαν;2993;traducao;laodicéia;Laodicéia;Laodicéia;Laodicéia
Λαοδίκειαν;2993;pt;laodicéia;Laodicéia;Laodicéia;Laodicéia
Λαοδικέων;2994;traducao;laodicéios;laodicenses;dos laodicéios;dos laodicenses
Λαοδικέων;2994;pt;laodicéios;laodicenses;dos laodicéios;dos laodicenses
λαοδικαίων;2994;traducao;laodicéios;laodicenses;dos laodicéios;dos laodicenses
λαοδικαίων;2994;pt;laodicéios;laodicenses;dos laodicéios;dos laodicenses
Λασαία;2996;traducao;lasaia;Lasaia;lasaia;Lasaia
Λασαία;2996;pt;lasaia;Lasaia;lasaia;Lasaia
λατρεία;2999;traducao;serviça;serviço;serviça;serviço
λατρεία;2999;pt;serviça;serviço;serviça;serviço
Λευὶ;3017;traducao;levi;Levi;Levi;Levi
Λευὶ;3017;pt;levi;Levi;Levi;Levi
Λευὶν;3018;traducao;levi;Levi;Levi;Levi
Λευὶν;3018;pt;levi;Levi;Levi;Levi
Λευὶς;3018;traducao;levi;Levi;Levi;Levi
Λευὶς;3018;pt;levi;Levi;Levi;Levi
Λευίτας;3019;traducao;levitos;levitas;levitos;levitas
Λευίτας;3019;pt;levitos;levitas;levitos;levitas
Λίνος;3044;traducao;linu;Lino;linu;Lino
Λίνος;3044;pt;linu;Lino;linu;Lino
Λυδία;3070;traducao;lídia;Lídia;Lídia;Lídia
Λυδία;3070;pt;lídia;Lídia;Lídia;Lídia
Λυδίαν;3070;traducao;lídia;Lídia;Lídia;Lídia
Λυδίαν;3070;pt;lídia;Lídia;Lídia;Lídia
Λυκαονίας;3071;traducao;licaônia;Licaônia;da licaônia;da Licaônia
Λυκαονίας;3071;pt;licaônia;Licaônia;da licaônia;da Licaônia
Λυσανίου;3078;traducao;lisânio;Lisânio;do lisânio;do Lisânio
Λυσανίου;3078;pt;lisânio;Lisânio;do lisânio;do Lisânio
λύουσιν;3089;traducao;destróem;destroem;eles(as) soltam, liberam, dissolvem, quebram, destróem;eles(as) soltam, liberam, dissolvem, quebram, destroem
Λύσατε;3089;traducao;destrui;destruí;vós soltai, liberai, dissolvei, quebrai, destrui;vós soltai, liberai, dissolvei, quebrai, destruí
Λωίδι;3090;traducao;loi;Lóis;ao loi;ao Lóis
Λωίδι;3090;pt;loi;Lóis;ao loi;ao Lóis
Μαάθ;3092;traducao;maath;Maate;maath;Maate
Μαάθ;3092;pt;maath;Maate;maath;Maate
Μαγαδάν;3093;traducao;magadan;Magadan;Magadan;Magadan
Μαγαδάν;3093;pt;magadan;Magadan;Magadan;Magadan
μαγδαλά;3093;traducao;magadan;Magadan;Magadan;Magadan
μαγδαλά;3093;pt;magadan;Magadan;Magadan;Magadan
Μαγώγ;3098;traducao;magogue;Magogue;Magogue;Magogue
Μαγώγ;3098;pt;magogue;Magogue;Magogue;Magogue
Μαδιάμ;3099;traducao;midiã;Midiã;Midiã;Midiã
Μαδιάμ;3099;pt;midiã;Midiã;Midiã;Midiã
Μεννά;3104;traducao;mainan;Mainan;mainan;Mainan
Μεννά;3104;pt;mainan;Mainan;mainan;Mainan
μαϊνάν;3104;traducao;mainan;Mainan;mainan;Mainan
μαϊνάν;3104;pt;mainan;Mainan;mainan;Mainan
μαίνεσθε;3105;pt;estáis;estais;estáis louco;estais louco
μαίνεσθε;3105;traducao;estáis;estais;vós estáis louco, delirais, sois louco;vós estais louco, delirais, sois louco
Μαλελεήλ;3121;traducao;maalalel;Maalael;maalalel;Maalael
Μαλελεήλ;3121;pt;maalalel;Maalael;maalalel;Maalael
Μάλχος;3124;traducao;malco;Malco;Malco;Malco
Μάλχος;3124;pt;malco;Malco;Malco;Malco
μαμωνᾷ;3126;traducao;mamon;Mamon;a Mamon;a Mamon
μαμωνᾷ;3126;pt;mamon;Mamon;a Mamon;a Mamon
μαμωνᾶ;3126;traducao;mamon;Mamon;de Mamon;de Mamon
μαμωνᾶ;3126;pt;mamon;Mamon;de Mamon;de Mamon
Μαναήν;3127;traducao;manaém;Manaém;Manaém;Manaém
Μαναήν;3127;pt;manaém;Manaém;Manaém;Manaém
Μανασσῆ;3128;traducao;manassé;Manassés;Manassé;Manassés
Μανασσῆ;3128;pt;manassé;Manassés;Manassé;Manassés
Μανασσῆς;3128;traducao;manassé;Manassés;Manassé;Manassés
Μανασσῆς;3128;pt;manassé;Manassés;Manassé;Manassés
Μαρίαν;3137;traducao;mary;Maria;mary;Maria
Μαρίαν;3137;pt;mary;Maria;mary;Maria
Μαθθαῖος;3156;traducao;mateu;Mateus;Mateu;Mateus
Μαθθαῖος;3156;pt;mateu;Mateus;Mateu;Mateus
Ματθαῖον;3156;traducao;mateu;Mateus;Mateu;Mateus
Ματθαῖον;3156;pt;mateu;Mateus;Mateu;Mateus
Ματθαῖος;3156;traducao;mateu;Mateus;Mateu;Mateus
Ματθαῖος;3156;pt;mateu;Mateus;Mateu;Mateus
Ματθάν;3157;traducao;mathan;Matã;mathan;Matã
Ματθάν;3157;pt;mathan;Matã;mathan;Matã
Μαθθάτ;3158;traducao;matthat;Matate;matthat;Matate
Μαθθάτ;3158;pt;matthat;Matate;matthat;Matate
ματθάτ;3158;traducao;matthat;Matate;matthat;Matate
ματθάτ;3158;pt;matthat;Matate;matthat;Matate
Μαθθίαν;3159;traducao;matio;Matias;matio;Matias
Μαθθίαν;3159;pt;matio;Matias;matio;Matias
ματθίαν;3159;traducao;matio;Matias;matio;Matias
ματθίαν;3159;pt;matio;Matias;matio;Matias
Ματταθά;3160;traducao;mattatho;Matatá;mattatho;Matatá
Ματταθά;3160;pt;mattatho;Matatá;mattatho;Matatá
Ματταθίου;3161;traducao;matatio;Matatias;do matatio;do Matatias
Ματταθίου;3161;pt;matatio;Matatias;do matatio;do Matatias
Μελεά;3190;traducao;meléo;Meleá;meléo;Meleá
Μελεά;3190;pt;meléo;Meleá;meléo;Meleá
μέλλετε;3195;pt;estáis;estais;estáis prestes a;estais prestes a
μέλλετε;3195;traducao;estáis;estais;vós estáis prestes a, pretendeis, estáis destinado;vós estais prestes a, pretendeis, estais destinado
Μελχὶ;3197;traducao;melqui;Melqui;melqui;Melqui
Μελχὶ;3197;pt;melqui;Melqui;melqui;Melqui
Μελχισεδέκ;3198;traducao;melquisedeque;Melquisedeque;Melquisedeque;Melquisedeque
Μελχισεδέκ;3198;pt;melquisedeque;Melquisedeque;Melquisedeque;Melquisedeque
Μεσσίαν;3323;traducao;messio;Messias;messio;Messias
Μεσσίαν;3323;pt;messio;Messias;messio;Messias
Μεσσίας;3323;traducao;messio;Messias;messio;Messias
Μεσσίας;3323;pt;messio;Messias;messio;Messias
μεσίαν;3323;traducao;messio;Messias;messio;Messias
μεσίαν;3323;pt;messio;Messias;messio;Messias
μεσίας;3323;traducao;messio;Messias;messio;Messias
μεσίας;3323;pt;messio;Messias;messio;Messias
μετάληψιν;3336;traducao;participaçõe;participações;participaçõe;participações
μετάληψιν;3336;pt;participaçõe;participações;participaçõe;participações
μετρητὰς;3355;traducao;measures;metretas;measures;metretas
μετρητὰς;3355;pt;measures;metretas;measures;metretas
μητρολῴαις;3389;traducao;insultora;insultadoras;aos mães-insultora;aos mães-insultadoras
μητρολῴαις;3389;pt;insultora;insultadoras;aos mães-insultora;aos mães-insultadoras
Μιλήτῳ;3399;traducao;mileta;Mileto;à Mileta;à Mileto
Μιλήτῳ;3399;pt;mileta;Mileto;à Mileta;à Mileto
Μιλήτου;3399;traducao;mileta;Mileto;da Mileta;da Mileto
Μιλήτου;3399;pt;mileta;Mileto;da Mileta;da Mileto
Μίλητον;3399;traducao;mileta;Mileto;Mileta;Mileto
Μίλητον;3399;pt;mileta;Mileto;Mileta;Mileto
μισεῖς;3404;pt;odias;odeias;odias;odeias
μισεῖς;3404;traducao;odias;odeias;tu odias, detestas, abominas;tu odeias, detestas, abominas
Μιτυλήνην;3412;traducao;mitilene;Mitilene;mitilene;Mitilene
Μιτυλήνην;3412;pt;mitilene;Mitilene;mitilene;Mitilene
Μνάσωνί;3416;traducao;mnason;Mnason;ao Mnason;ao Mnason
Μνάσωνί;3416;pt;mnason;Mnason;ao Mnason;ao Mnason
Μωυσῇ;3475;traducao;moisé;Moisés;ao Moisé;ao Moisés
Μωυσῇ;3475;pt;moisé;Moisés;ao Moisé;ao Moisés
Μωσῆς;3475;traducao;moisé;Moisés;ao Moisé;ao Moisés
Μωσῆς;3475;pt;moisé;Moisés;ao Moisé;ao Moisés
μωσῇ;3475;traducao;moisé;Moisés;ao Moisé;ao Moisés
μωσῇ;3475;pt;moisé;Moisés;ao Moisé;ao Moisés
Μωυσέα;3475;traducao;moisé;Moisés;Moisé;Moisés
Μωυσέα;3475;pt;moisé;Moisés;Moisé;Moisés
μωσέα;3475;traducao;moisé;Moisés;Moisé;Moisés
μωσέα;3475;pt;moisé;Moisés;Moisé;Moisés
μωσῆν;3475;traducao;moisé;Moisés;Moisé;Moisés
μωσῆν;3475;pt;moisé;Moisés;Moisé;Moisés
Ναασσών;3476;traducao;naasson;Naasson;Naasson;Naasson
Ναασσών;3476;pt;naasson;Naasson;Naasson;Naasson
Ναγγαί;3477;traducao;naggai;Nagai;naggai;Nagai
Ναγγαί;3477;pt;naggai;Nagai;naggai;Nagai
Ναζαρέθ;3478;traducao;nazaré;Nazaré;Nazaré;Nazaré
Ναζαρέθ;3478;pt;nazaré;Nazaré;Nazaré;Nazaré
Ναζαρέτ;3478;traducao;nazaré;Nazaré;Nazaré;Nazaré
Ναζαρέτ;3478;pt;nazaré;Nazaré;Nazaré;Nazaré
Ναζαρά;3478;traducao;nazaré;Nazaré;Nazaré;Nazaré
Ναζαρά;3478;pt;nazaré;Nazaré;Nazaré;Nazaré
Ναθάμ;3481;traducao;nathan;Natã;nathan;Natã
Ναθάμ;3481;pt;nathan;Natã;nathan;Natã
ναθάν;3481;traducao;nathan;Natã;nathan;Natã
ναθάν;3481;pt;nathan;Natã;nathan;Natã
Ναθαναήλ;3482;traducao;natanael;Natanael;Natanael;Natanael
Ναθαναήλ;3482;pt;natanael;Natanael;Natanael;Natanael
Ναίν;3484;traducao;naim;Naim;Naim;Naim
Ναίν;3484;pt;naim;Naim;Naim;Naim
Ναούμ;3486;traducao;naum;Naum;Naum;Naum
Ναούμ;3486;pt;naum;Naum;Naum;Naum
Ναχώρ;3493;traducao;naor;Naor;Naor;Naor
Ναχώρ;3493;pt;naor;Naor;Naor;Naor
Ναιμὰν;3497;traducao;naamã;Naamã;Naamã;Naamã
Ναιμὰν;3497;pt;naamã;Naamã;Naamã;Naamã
νεεμὰν;3497;traducao;naamã;Naamã;Naamã;Naamã
νεεμὰν;3497;pt;naamã;Naamã;Naamã;Naamã
Νεφθαλίμ;3508;traducao;naftali;Naftali;Naftali;Naftali
Νεφθαλίμ;3508;pt;naftali;Naftali;Naftali;Naftali
Νεφθαλείμ;3508;traducao;naftali;Naftali;Naftali;Naftali
Νεφθαλείμ;3508;pt;naftali;Naftali;Naftali;Naftali
νεφροὺς;3510;traducao;rines;rins;rines);rins)
νεφροὺς;3510;pt;rines;rins;rines);rins)
νηρέα;3517;traducao;nereu;Nereu;Nereu;Nereu
νηρέα;3517;pt;nereu;Nereu;Nereu;Nereu
Νηρὶ;3518;traducao;néri;Néri;néri;Néri
Νηρὶ;3518;pt;néri;Néri;néri;Néri
Νίγερ;3526;traducao;níger;Níger;níger;Níger
Νίγερ;3526;pt;níger;Níger;níger;Níger
Νικάνορα;3527;traducao;nicanor;Nicanor;Nicanor;Nicanor
Νικάνορα;3527;pt;nicanor;Nicanor;Nicanor;Nicanor
νικήσῃς;3528;traducao;prevalecas;prevaleças;tu conquistes, superes, prevalecas, obtas vitória;tu conquistes, superes, prevaleças, obtas vitória
νικήσῃς;3528;traducao;obtas;obtenhas;tu conquistes, superes, prevaleças, obtas vitória;tu conquistes, superes, prevaleças, obtenhas vitória
Νικόδημος;3530;traducao;nicodemos;Nicodemos;Nicodemos;Nicodemos
Νικόδημος;3530;pt;nicodemos;Nicodemos;Nicodemos;Nicodemos
Νικολαϊτῶν;3531;traducao;nicolaítos;nicolaítas;dos nicolaítos;dos nicolaítas
Νικολαϊτῶν;3531;pt;nicolaítos;nicolaítas;dos nicolaítos;dos nicolaítas
Νικόλαον;3532;traducao;nicolo;Nicolau;nicolo;Nicolau
Νικόλαον;3532;pt;nicolo;Nicolau;nicolo;Nicolau
νικόπολιν;3533;traducao;nicópoli;Nicópolis;Nicópoli;Nicópolis
νικόπολιν;3533;pt;nicópoli;Nicópolis;Nicópoli;Nicópolis
νινευῒ;3535;traducao;nínive;Nínive;nínive;Nínive
νινευῒ;3535;pt;nínive;Nínive;nínive;Nínive
Νινευίταις;3536;traducao;ninivitos;ninivitas;aos ninivitos;aos ninivitas
Νινευίταις;3536;pt;ninivitos;ninivitas;aos ninivitos;aos ninivitas
Νινευῖται;3536;traducao;ninivitos;ninivitas;ninivitos;ninivitas
Νινευῖται;3536;pt;ninivitos;ninivitas;ninivitos;ninivitas
Νύμφαν;3564;traducao;numpho;Ninfa;numpho;Ninfa
Νύμφαν;3564;pt;numpho;Ninfa;numpho;Ninfa
Ὀζίαν;3604;traducao;uzio;Uzias;uzio;Uzias
Ὀζίαν;3604;pt;uzio;Uzias;uzio;Uzias
Ὀζίας;3604;traducao;uzio;Uzias;uzio;Uzias
Ὀζίας;3604;pt;uzio;Uzias;uzio;Uzias
ὁμολογῶ;3670;traducao;reconheco;reconheço;eu confesso, reconheco, concordo;eu confesso, reconheço, concordo
ὁμολογήσῃς;3670;traducao;reconhecas;reconheças;tu confesses, reconhecas, concordes;tu confesses, reconheças, concordes
Ὀνησίμῳ;3682;traducao;onésimo;Onésimo;ao Onésimo;ao Onésimo
Ὀνησίμῳ;3682;pt;onésimo;Onésimo;ao Onésimo;ao Onésimo
Ὀνήσιμον;3682;traducao;onésimo;Onésimo;Onésimo;Onésimo
Ὀνήσιμον;3682;pt;onésimo;Onésimo;Onésimo;Onésimo
Ὀνησιφόρου;3683;traducao;onesíforo;Onesíforo;do Onesíforo;do Onesíforo
Ὀνησιφόρου;3683;pt;onesíforo;Onesíforo;do Onesíforo;do Onesíforo
ὀρφανούς;3737;traducao;órfões;órfãos;órfões;órfãos
ὀρφανούς;3737;pt;órfões;órfãos;órfões;órfãos
ὀστρακίνοις;3749;traducao;des;de;aos des barro;aos de barro
ὀστρακίνοις;3749;pt;des;de;aos des barro;aos de barro
Οὐρίου;3774;traducao;urio;Urias;do urio;do Urias
Οὐρίου;3774;pt;urio;Urias;do urio;do Urias
ὀφείλετε;3784;traducao;estáis;estais;vós deveis, estáis em dívida, estáis obrigado;vós deveis, estais em dívida, estais obrigado
παλιγγενεσίᾳ;3824;traducao;regeneraçõe;regenerações;à regeneraçõe;à regenerações
παλιγγενεσίᾳ;3824;pt;regeneraçõe;regenerações;à regeneraçõe;à regenerações
παλιγγενεσίας;3824;traducao;regeneraçõe;regenerações;da regeneraçõe;da regenerações
παλιγγενεσίας;3824;pt;regeneraçõe;regenerações;da regeneraçõe;da regenerações
παρέδωκας;3860;traducao;traiste;traíste;tu entregaste, traiste, confiaste;tu entregaste, traíste, confiaste
παρεκάλεσά;3870;traducao;rogei;roguei;eu rogei, convoquei, invoquei, lit. chamei para perto, (a) exortei, encorajei, (p) fui consolado;eu roguei, convoquei, invoquei, lit. chamei para perto, (a) exortei, encorajei, (p) fui consolado
παρεκάλεσά;3870;pt;rogei;roguei;rogei;roguei
παραρρυῶμεν;3901;traducao;esçapado;escapado;se tendo afastado, tendo esçapado, tendo fluido;se tendo afastado, tendo escapado, tendo fluido
πάρεστε;3918;pt;estáis;estais;estáis presente;estais presente
πάρεστε;3918;traducao;estáis;estais;vós estáis presente, estáis perto, vindes;vós estais presente, estais perto, vindes
Παρμενᾶν;3937;traducao;parmeno;Parmeno;Parmeno;Parmeno
Παρμενᾶν;3937;pt;parmeno;Parmeno;Parmeno;Parmeno
Πάταρα;3959;traducao;pátaros;Pátaros;pátaros;Pátaros
Πάταρα;3959;pt;pátaros;Pátaros;pátaros;Pátaros
πατάξῃ;3960;pt;atace;ataque;atace;ataque
Πάτμῳ;3963;traducao;patma;Patmos;à Patma;à Patmos
Πάτμῳ;3963;pt;patma;Patmos;à Patma;à Patmos
πατριάρχου;3966;traducao;patriarco;patriarca;do patriarco;do patriarca
πατριάρχου;3966;pt;patriarco;patriarca;do patriarco;do patriarca
πατριάρχης;3966;traducao;patriarco;patriarca;patriarco;patriarca
πατριάρχης;3966;pt;patriarco;patriarca;patriarco;patriarca
πατριάρχαι;3966;traducao;patriarcos;patriarcas;patriarcos;patriarcas
πατριάρχαι;3966;pt;patriarcos;patriarcas;patriarcos;patriarcas
πατριάρχας;3966;traducao;patriarcos;patriarcas;patriarcos;patriarcas
πατριάρχας;3966;pt;patriarcos;patriarcas;patriarcos;patriarcas
παυσάτω;3973;traducao;restringa;restrinja;ele(a) pare, restringa;ele(a) pare, restrinja
παύομαι;3973;traducao;restringo;restrinjo;eu paro, restringo;eu paro, restrinjo
Πάφου;3974;traducao;pafa;Pafos;da pafa;da Pafos
Πάφου;3974;pt;pafa;Pafos;da pafa;da Pafos
Περγάμῳ;4010;traducao;pérgama;Pérgamo;à pérgama ou pérgamo;à Pérgamo ou pérgamo
Περγάμῳ;4010;traducao;pérgamo;Pérgamo;à Pérgamo ou pérgamo;à Pérgamo ou Pérgamo
Περγάμῳ;4010;pt;pérgama;Pérgamo;à pérgama ou pérgamo;à Pérgamo ou pérgamo
Περγάμῳ;4010;pt;pérgamo;Pérgamo;à Pérgamo ou pérgamo;à Pérgamo ou Pérgamo
Πέργαμον;4010;traducao;pérgama;REVISAR MANUALMENTE;pérgama ou pérgamo;REVISAR MANUALMENTE ou pérgamo
Πέργαμον;4010;traducao;pérgamo;REVISAR MANUALMENTE;REVISAR MANUALMENTE ou pérgamo;REVISAR MANUALMENTE ou REVISAR MANUALMENTE
Πέργαμον;4010;pt;pérgama;REVISAR MANUALMENTE;pérgama ou pérgamo;REVISAR MANUALMENTE ou pérgamo
Πέργαμον;4010;pt;pérgamo;REVISAR MANUALMENTE;REVISAR MANUALMENTE ou pérgamo;REVISAR MANUALMENTE ou REVISAR MANUALMENTE
Πέργῃ;4011;traducao;perga;Perge;à Perga;à Perge
Πέργῃ;4011;pt;perga;Perge;à Perga;à Perge
Πέργης;4011;traducao;perga;Perge;da Perga;da Perge
Πέργης;4011;pt;perga;Perge;da Perga;da Perge
Πέργην;4011;traducao;perga;Perge;Perga;Perge
Πέργην;4011;pt;perga;Perge;Perga;Perge
περίψημα;4067;traducao;offscouring;escória;offscouring;escória
περίψημα;4067;pt;offscouring;escória;offscouring;escória
περσίδα;4069;traducao;persi;persas;persi;persas
περσίδα;4069;pt;persi;persas;persi;persas
πινακίδιον;4093;traducao;tablet;tabuleta;pequeno tablet;pequeno tabuleta
πινακίδιον;4093;pt;tablet;tabuleta;pequeno tablet;pequeno tabuleta
πέσωσιν;4098;traducao;perecam;pereçam;eles(as) caiam, desçam, perecam, falhem;eles(as) caiam, desçam, pereçam, falhem
πέσητε;4098;traducao;perecais;pereçais;vós caiais, desçais, perecais, falheis;vós caiais, desçais, pereçais, falheis
πισιδίας;4099;traducao;pisídia;Psídia;da Pisídia;da Psídia
πισιδίας;4099;pt;pisídia;Psídia;da Pisídia;da Psídia
Πισιδίαν;4099;traducao;pisídia;Psídia;Pisídia;Psídia
Πισιδίαν;4099;pt;pisídia;Psídia;Pisídia;Psídia
πλημμύρας;4132;traducao;inundaçõe;inundações;da inundaçõe;da inundações
πλημμύρας;4132;pt;inundaçõe;inundações;da inundaçõe;da inundações
ποντίῳ;4194;traducao;pôncio;Pôncio;ao Pôncio;ao Pôncio
ποντίῳ;4194;pt;pôncio;Pôncio;ao Pôncio;ao Pôncio
Ποντίου;4194;traducao;pôncio;Pôncio;do Pôncio;do Pôncio
Ποντίου;4194;pt;pôncio;Pôncio;do Pôncio;do Pôncio
Πόντιος;4194;traducao;pôncio;Pôncio;Pôncio;Pôncio
Πόντιος;4194;pt;pôncio;Pôncio;Pôncio;Pôncio
Ποπλίῳ;4196;traducao;públio;Públio;ao Públio;ao Públio
Ποπλίῳ;4196;pt;públio;Públio;ao Públio;ao Públio
Ποπλίου;4196;traducao;públio;Públio;do Públio;do Públio
Ποπλίου;4196;pt;públio;Públio;do Públio;do Públio
Πόρκιον;4201;traducao;pórcio;Pórcio;pórcio;Pórcio
Πόρκιον;4201;pt;pórcio;Pórcio;pórcio;Pórcio
Ποτιόλους;4223;traducao;putéolis;Putéolis;Putéolis;Putéolis
Ποτιόλους;4223;pt;putéolis;Putéolis;Putéolis;Putéolis
Πρίσκιλλα;4252;traducao;priscila;Priscila;Priscila;Priscila
Πρίσκιλλα;4252;pt;priscila;Priscila;Priscila;Priscila
Πρίσκιλλαν;4252;traducao;priscila;Priscila;Priscila;Priscila
Πρίσκιλλαν;4252;pt;priscila;Priscila;Priscila;Priscila
προαιρεῖται;4255;traducao;prope;propõe;ele(a) escolhe de antemão, prefere, prope;ele(a) escolhe de antemão, prefere, propõe
προεγράφη;4270;traducao;escrevido;escrito;ele(a) foi escrevido antes, foi retratado publicamente, foi anunciado de antemão;ele(a) foi escrito antes, foi retratado publicamente, foi anunciado de antemão
προεγράφη;4270;pt;escrevido;escrito;foi escrevido antes;foi escrito antes
προθύμως;4290;traducao;ânsio;ânsia;ânsio;ânsia
προθύμως;4290;pt;ânsio;ânsia;ânsio;ânsia
πρόνοιαν;4307;traducao;previsõe;previsões;previsõe;previsões
πρόνοιαν;4307;pt;previsõe;previsões;previsõe;previsões
προσκαλεσάσθω;4341;traducao;convoce;convoque;ele(a) chame a si mesmo, convoce, convide;ele(a) chame a si mesmo, convoque, convide
πρόσκλησιν;4346;traducao;inclinaçõe;inclinações;inclinaçõe;inclinações
πρόσκλησιν;4346;pt;inclinaçõe;inclinações;inclinaçõe;inclinações
προσφέρωσιν;4374;traducao;oferecam;ofereçam;eles(as) tragam, oferecam, apresentem;eles(as) tragam, ofereçam, apresentem
προεφήτευσαν;4395;traducao;predizeram;predisseram;eles(as) profetizaram, falaram por inspiração divina, predizeram;eles(as) profetizaram, falaram por inspiração divina, predisseram
ἐπροφήτευσαν;4395;traducao;predizeram;predisseram;eles(as) profetizaram, falaram por inspiração divina, predizeram;eles(as) profetizaram, falaram por inspiração divina, predisseram
προφητεύσουσιν;4395;traducao;predizerão;predirão;eles(as) profetizarão, predizerão;eles(as) profetizarão, predirão
προφητεύωσιν;4395;traducao;predizam;prediziam;eles(as) profetizem, falem por inspiração divina, predizam;eles(as) profetizem, falem por inspiração divina, prediziam
προφητεύητε;4395;traducao;predizais;predigais;vós profetizeis, faleis por inspiração divina, predizais;vós profetizeis, faleis por inspiração divina, predigais
Πρόχορον;4402;traducao;prócoro;Prócoro;Prócoro;Prócoro
Πρόχορον;4402;pt;prócoro;Prócoro;Prócoro;Prócoro
πρώτοις;4413;traducao;ens;em;aos ens primeiro lugar;aos em primeiro lugar
πρώτοις;4413;pt;ens;em;aos ens primeiro lugar;aos em primeiro lugar
πρῶτα;4413;traducao;ens;em;ens primeiro lugar;em primeiro lugar
πρῶτα;4413;pt;ens;em;ens primeiro lugar;em primeiro lugar
Πτολεμαΐδα;4424;traducao;ptolemaida;Ptolemaida;Ptolemaida;Ptolemaida
Πτολεμαΐδα;4424;pt;ptolemaida;Ptolemaida;Ptolemaida;Ptolemaida
πώρωσις;4457;traducao;endurecimenta;endurecimento;endurecimenta;endurecimento
πώρωσις;4457;pt;endurecimenta;endurecimento;endurecimenta;endurecimento
Ῥαὰβ;4460;traducao;raabe;Raabe;Raabe;Raabe
Ῥαὰβ;4460;pt;raabe;Raabe;Raabe;Raabe
Ῥαγαύ;4466;traducao;reu;Reú;reu;Reú
Ῥαγαύ;4466;pt;reu;Reú;reu;Reú
Ῥαχάβ;4477;traducao;raabe;Raabe;Raabe;Raabe
Ῥαχάβ;4477;pt;raabe;Raabe;Raabe;Raabe
Ῥαιφάν;4481;traducao;remfano;Renfã;remfano;Renfã
Ῥαιφάν;4481;pt;remfano;Renfã;remfano;Renfã
ῥεμφάν;4481;traducao;remfano;Renfã;remfano;Renfã
ῥεμφάν;4481;pt;remfano;Renfã;remfano;Renfã
ῥήξωσιν;4486;traducao;rasgem;rasguem;eles(as) quebrem, estourem, rasgem;eles(as) quebrem, estourem, rasguem
Ῥησά;4488;traducao;rheso;Resa;rheso;Resa
Ῥησά;4488;pt;rheso;Resa;rheso;Resa
Ῥουβὴν;4502;traducao;ruben;Ruben;Ruben;Ruben
Ῥουβὴν;4502;pt;ruben;Ruben;Ruben;Ruben
ῥουβίμ;4502;traducao;ruben;Ruben;Ruben;Ruben
ῥουβίμ;4502;pt;ruben;Ruben;Ruben;Ruben
Ῥώμῃ;4516;traducao;roma;Roma;a Roma;a Roma
Ῥώμῃ;4516;pt;roma;Roma;a Roma;a Roma
Ῥώμης;4516;traducao;roma;Roma;da roma;da Roma
Ῥώμης;4516;pt;roma;Roma;da roma;da Roma
Ῥώμην;4516;traducao;roma;Roma;Roma;Roma
Ῥώμην;4516;pt;roma;Roma;Roma;Roma
Σαδώκ;4524;traducao;zadoque;Zadoque;Zadoque;Zadoque
Σαδώκ;4524;pt;zadoque;Zadoque;Zadoque;Zadoque
Σαλαθιήλ;4528;traducao;salatiel;Salatiel;Salatiel;Salatiel
Σαλαθιήλ;4528;pt;salatiel;Salatiel;Salatiel;Salatiel
Σαλαμῖνι;4529;traducao;salamina;Salamina;à salamina;à Salamina
Σαλαμῖνι;4529;pt;salamina;Salamina;à salamina;à Salamina
Σαλμώνην;4534;traducao;salmone;Salmon;Salmone;Salmon
Σαλμώνην;4534;pt;salmone;Salmon;Salmone;Salmon
σαλπιστῶν;4538;traducao;trompetistos;trompetistas;dos trompetistos;dos trompetistas
σαλπιστῶν;4538;pt;trompetistos;trompetistas;dos trompetistos;dos trompetistas
Σαλώμη;4539;traducao;salomé;Salomé;Salomé;Salomé
Σαλώμη;4539;pt;salomé;Salomé;Salomé;Salomé
Σαμαρείας;4540;traducao;samaria;Samaria;de Samaria;de Samaria
Σαμαρείας;4540;pt;samaria;Samaria;de Samaria;de Samaria
Σαμάρεια;4540;traducao;samaria;Samaria;Samaria;Samaria
Σαμάρεια;4540;pt;samaria;Samaria;Samaria;Samaria
Σαμάρειαν;4540;traducao;samaria;Samaria;Samaria;Samaria
Σαμάρειαν;4540;pt;samaria;Samaria;Samaria;Samaria
Σαμοθρᾴκην;4543;traducao;samotrácia;Samotrácia;samotrácia;Samotrácia
Σαμοθρᾴκην;4543;pt;samotrácia;Samotrácia;samotrácia;Samotrácia
Σαμουὴλ;4545;traducao;samuel;Samuel;Samuel;Samuel
Σαμουὴλ;4545;pt;samuel;Samuel;Samuel;Samuel
σανδάλιά;4547;traducao;sandálios;sandálias;sandálios;sandálias
σανδάλιά;4547;pt;sandálios;sandálias;sandálios;sandálias
Σαούλ;4549;traducao;saul;Saul;Saul;Saul
Σαούλ;4549;pt;saul;Saul;Saul;Saul
Σάρεπτα;4558;traducao;sarepta;Sarepta;Sarepta;Sarepta
Σάρεπτα;4558;pt;sarepta;Sarepta;Sarepta;Sarepta
Σερούχ;4562;traducao;serugue;Serugue;serugue;Serugue
Σερούχ;4562;pt;serugue;Serugue;serugue;Serugue
ἀσσάρωνα;4565;traducao;sarom;Sarom;Sarom;Sarom
ἀσσάρωνα;4565;pt;sarom;Sarom;Sarom;Sarom
Σαρῶνα;4565;traducao;sharon;Sarom;sharon;Sarom
Σαρῶνα;4565;pt;sharon;Sarom;sharon;Sarom
σατᾶν;4566;traducao;sataná;Satanás;sataná;Satanás
σατᾶν;4566;pt;sataná;Satanás;sataná;Satanás
Σαύλῳ;4569;traducao;saulo;Saulo;ao Saulo;ao Saulo
Σαύλῳ;4569;pt;saulo;Saulo;ao Saulo;ao Saulo
Σαύλου;4569;traducao;saulo;Saulo;do Saulo;do Saulo
Σαύλου;4569;pt;saulo;Saulo;do Saulo;do Saulo
Σαῦλος;4569;traducao;saulo;Saulo;Saulo;Saulo
Σαῦλος;4569;pt;saulo;Saulo;Saulo;Saulo
Σαῦλον;4569;traducao;saulo;Saulo;Saulo;Saulo
Σαῦλον;4569;pt;saulo;Saulo;Saulo;Saulo
Σελεύκειαν;4581;traducao;selêucia;Selêucia;Selêucia;Selêucia
Σελεύκειαν;4581;pt;selêucia;Selêucia;Selêucia;Selêucia
Σεργίῳ;4588;traducao;sérgio;Sérgio;ao Sérgio;ao Sérgio
Σεργίῳ;4588;pt;sérgio;Sérgio;ao Sérgio;ao Sérgio
ἐσίγησεν;4601;traducao;manteu;manteve;ele(a) ficou em silêncio, manteu o silêncio, manteu a paz;ele(a) ficou em silêncio, manteve o silêncio, manteve a paz
Σιδῶνι;4605;traducao;sidon;Sidon;a Sidon;a Sidon
Σιδῶνι;4605;pt;sidon;Sidon;a Sidon;a Sidon
Σιδῶνος;4605;traducao;sidon;Sidon;de Sidon;de Sidon
Σιδῶνος;4605;pt;sidon;Sidon;de Sidon;de Sidon
Σιδῶνα;4605;traducao;sídon;Sidon;sídon;Sidon
Σιδῶνα;4605;pt;sídon;Sidon;sídon;Sidon
Σιλωάμ;4611;traducao;siloé;Siloé;Siloé;Siloé
Σιλωάμ;4611;pt;siloé;Siloé;Siloé;Siloé
Σοδόμοις;4670;traducao;sodoma;Sodoma;a Sodoma;a Sodoma
Σοδόμοις;4670;pt;sodoma;Sodoma;a Sodoma;a Sodoma
Σοδόμων;4670;traducao;sodoma;Sodoma;de Sodoma;de Sodoma
Σοδόμων;4670;pt;sodoma;Sodoma;de Sodoma;de Sodoma
Σόδομα;4670;traducao;sodoma;Sodoma;Sodoma;Sodoma
Σόδομα;4670;pt;sodoma;Sodoma;Sodoma;Sodoma
σπανίαν;4681;traducao;espanha;Espanha;Espanha;Espanha
σπανίαν;4681;pt;espanha;Espanha;Espanha;Espanha
στεῖραι;4723;traducao;estéris;estéreis;estéris;estéreis
στεῖραι;4723;pt;estéris;estéreis;estéris;estéreis
στεναγμοῖς;4726;traducao;gemendos;gemendo;aos gemendos;aos gemendo
στεναγμοῖς;4726;pt;gemendos;gemendo;aos gemendos;aos gemendo
στενοχωρεῖσθε;4729;pt;estáis;estais;estáis angustiado;estais angustiado
στενοχωρεῖσθε;4729;traducao;estáis;estais;vós estáis angustiado, estáis em dificuldade, estáis em um lugar estreito;vós estais angustiado, estais em dificuldade, estais em um lugar estreito
Στεφάνῳ;4736;traducao;estêvão;Estêvão;ao Estêvão;ao Estêvão
Στεφάνῳ;4736;pt;estêvão;Estêvão;ao Estêvão;ao Estêvão
Στεφάνου;4736;traducao;estêvão;Estêvão;do Estêvão;do Estêvão
Στεφάνου;4736;pt;estêvão;Estêvão;do Estêvão;do Estêvão
Στοϊκῶν;4770;traducao;estóicos;estóicos;dos estóicos;dos estóicos
Στοϊκῶν;4770;pt;estóicos;estóicos;dos estóicos;dos estóicos
Συμεών;4826;pt;simeão;Simeão;Simeão;Simeão
Συμεών;4826;traducao;simeão;Simeão;Simeão, Simão;Simeão, Simão
σύμφημι;4852;traducao;reuno;reúno;eu reuno, sou lucrativo, sou conveniente.;eu reúno, sou lucrativo, sou conveniente.
σύμφημι;4852;pt;reuno;reúno;reuno;reúno
συναναπαύσωμαι;4875;pt;desçansar;descansar;desçansar;descansar
συναναπαύσωμαι;4875;traducao;desçansar;descansar;desçansar, encontrar desçanso juntos;descansar, encontrar desçanso juntos
συναναπαύσωμαι;4875;traducao;desçanso;descanso;descansar, encontrar desçanso juntos;descansar, encontrar descanso juntos
συνέχομαι;4912;traducao;restringo;restrinjo;eu mantenho unido, restringo, obrigo, pressiono;eu mantenho unido, restrinjo, obrigo, pressiono
συνίστημι;4921;traducao;estabeleco;estabeleço;eu elogio, estabeleco, demonstro, provo, manto unido;eu elogio, estabeleço, demonstro, provo, manto unido
συνεστήσατε;4921;traducao;mantestes;mantivestes;vós elogiastes, estabelecestes, demonstrastes, provastes, mantestes unido;vós elogiastes, estabelecestes, demonstrastes, provastes, mantivestes unido
Συντύχην;4941;traducao;síntique;Síntique;Síntique;Síntique
Συντύχην;4941;pt;síntique;Síntique;Síntique;Síntique
Συροφοινίκισσα;4949;traducao;sirofenícia;siro-fenícia;mulher sirofenícia;mulher siro-fenícia
Συροφοινίκισσα;4949;pt;sirofenícia;siro-fenícia;mulher sirofenícia;mulher siro-fenícia
συραφοινίκισσα;4949;traducao;sirofenícia;siro-fenícia;mulher sirofenícia;mulher siro-fenícia
συραφοινίκισσα;4949;pt;sirofenícia;siro-fenícia;mulher sirofenícia;mulher siro-fenícia
Σύρτιν;4950;traducao;sirti;Sirti;sirti;Sirti
Σύρτιν;4950;pt;sirti;Sirti;sirti;Sirti
σύρτην;4950;traducao;sirti;Sirti;sirti;Sirti
σύρτην;4950;pt;sirti;Sirti;sirti;Sirti
Συχὰρ;4965;traducao;sicar;Sicar;Sicar;Sicar
Συχὰρ;4965;pt;sicar;Sicar;Sicar;Sicar
Συχέμ;4966;traducao;siquém;Siquém;Siquém;Siquém
Συχέμ;4966;pt;siquém;Siquém;Siquém;Siquém
Σώπατρος;4986;traducao;sópater;Sópater;Sópater;Sópater
Σώπατρος;4986;pt;sópater;Sópater;Sópater;Sópater
Σωσθένην;4988;traducao;sóstene;Sóstenes;Sóstene;Sóstenes
Σωσθένην;4988;pt;sóstene;Sóstenes;Sóstene;Sóstenes
Σωσθένης;4988;traducao;sóstene;Sóstenes;Sóstene;Sóstenes
Σωσθένης;4988;pt;sóstene;Sóstenes;Sóstene;Sóstenes
σωσίπατρος;4989;traducao;sosípatro;Sosípatro;Sosípatro;Sosípatro
σωσίπατρος;4989;pt;sosípatro;Sosípatro;Sosípatro;Sosípatro
σωφρονήσατε;4993;traducao;autocontrolado;Tabita;vós tende a mente sã, sede autocontrolado, tende a mente sóbria;vós tende a mente sã, sede Tabita, tende a mente sóbria
Ταβιθά;5000;traducao;tabito;Tabita;Tabito;Tabita
Ταβιθά;5000;pt;tabito;Tabita;Tabito;Tabita
ταβηθά;5000;traducao;tabito;Tabita;Tabito;Tabita
ταβηθά;5000;pt;tabito;Tabita;Tabito;Tabita
τεράτων;5059;traducao;maravilhos;maravilhas;dos maravilhos;dos maravilhas
τεράτων;5059;pt;maravilhos;maravilhas;dos maravilhos;dos maravilhas
Τερτύλλου;5061;traducao;tértulo;Tértulo;do Tértulo;do Tértulo
Τερτύλλου;5061;pt;tértulo;Tértulo;do Tértulo;do Tértulo
Τέρτυλλος;5061;traducao;tértulo;Tértulo;Tértulo;Tértulo
Τέρτυλλος;5061;pt;tértulo;Tértulo;Tértulo;Tértulo
τεσσαρακονταετῆ;5063;traducao;quarento;quarenta;quarento anos;quarenta anos
τεσσαρακονταετῆ;5063;pt;quarento;quarenta;quarento anos;quarenta anos
τεσσαρακονταετὴς;5063;traducao;quarento;quarenta;quarento anos;quarenta anos
τεσσαρακονταετὴς;5063;pt;quarento;quarenta;quarento anos;quarenta anos
τετραάρχου;5076;traducao;tetrarco;tetrarca;do tetrarco;do tetrarca
τετραάρχου;5076;pt;tetrarco;tetrarca;do tetrarco;do tetrarca
τετράρχου;5076;traducao;tetrarco;tetrarca;do tetrarco;do tetrarca
τετράρχου;5076;pt;tetrarco;tetrarca;do tetrarco;do tetrarca
τετηρήκασιν;5083;traducao;manteram;mantiveram;eles(as) manteram, guardaram, observaram, zelaram;eles(as) mantiveram, guardaram, observaram, zelaram
τετηρήκασιν;5083;pt;manteram;mantiveram;manteram;mantiveram
ἐτήρησάς;5083;pt;manteste;mantiveste;manteste;mantiveste
τετήρηκας;5083;pt;manteste;mantiveste;manteste;mantiveste
ἐτήρησάς;5083;traducao;manteste;mantiveste;tu manteste, guardaste, observaste, zelaste;tu mantiveste, guardaste, observaste, zelaste
τετήρηκας;5083;traducao;manteste;mantiveste;tu manteste, guardaste, observaste, zelaste;tu mantiveste, guardaste, observaste, zelaste
Τιβεριάδος;5085;traducao;tiberíades;Tiberíades;de Tiberíades;de Tiberíades
Τιβεριάδος;5085;pt;tiberíades;Tiberíades;de Tiberíades;de Tiberíades
Τιβερίου;5086;traducao;tibério;Tibério;do Tibério;do Tibério
Τιβερίου;5086;pt;tibério;Tibério;do Tibério;do Tibério
Τιμαίου;5090;traducao;timeu;Timeu;do Timeu;do Timeu
Τιμαίου;5090;pt;timeu;Timeu;do Timeu;do Timeu
Τιμοθέῳ;5095;traducao;timóteo;Timóteo;ao Timóteo;ao Timóteo
Τιμοθέῳ;5095;pt;timóteo;Timóteo;ao Timóteo;ao Timóteo
Τιμοθέου;5095;traducao;timóteo;Timóteo;do Timóteo;do Timóteo
Τιμοθέου;5095;pt;timóteo;Timóteo;do Timóteo;do Timóteo
τιμοθεος;5095;traducao;timóteo;Timóteo;Timóteo;Timóteo
τιμοθεος;5095;pt;timóteo;Timóteo;Timóteo;Timóteo
Τιμόθεον;5095;traducao;timóteo;Timóteo;Timóteo;Timóteo
Τιμόθεον;5095;pt;timóteo;Timóteo;Timóteo;Timóteo
Τιμόθεε;5095;traducao;timóteo;Timóteo;Timóteo;Timóteo
Τιμόθεε;5095;pt;timóteo;Timóteo;Timóteo;Timóteo
τετραχηλισμένα;5136;traducao;expido;exposto;tendo se desnudado, tendo se expido;tendo se desnudado, tendo se exposto
Τραχωνίτιδος;5139;traducao;traconite;Traconites;da traconite;da Traconites
Τραχωνίτιδος;5139;pt;traconite;Traconites;da traconite;da Traconites
τρέφηται;5142;traducao;educe;eduque;ele(a) nutra, alimente, educe;ele(a) nutra, alimente, eduque
τρίζει;5149;traducao;moe;mói;ele(a) range, moe;ele(a) range, mói
Τρόφιμον;5161;traducao;trófimo;Trófimo;Trófimo;Trófimo
Τρόφιμον;5161;pt;trófimo;Trófimo;Trófimo;Trófimo
Τρόφιμος;5161;traducao;trófimo;Trófimo;Trófimo;Trófimo
Τρόφιμος;5161;pt;trófimo;Trófimo;Trófimo;Trófimo
Τρῳάδι;5174;traducao;trôade;Trôade;à Trôade;à Trôade
Τρῳάδι;5174;pt;trôade;Trôade;à Trôade;à Trôade
Τρῳάδος;5174;traducao;trôade;Trôade;da Trôade;da Trôade
Τρῳάδος;5174;pt;trôade;Trôade;da Trôade;da Trôade
Τρῳάδα;5174;traducao;trôade;Trôade;Trôade;Trôade
Τρῳάδα;5174;pt;trôade;Trôade;Trôade;Trôade
Τύχικος;5190;traducao;tíquico;Tíquico;Tíquico;Tíquico
Τύχικος;5190;pt;tíquico;Tíquico;Tíquico;Tíquico
Τύχικον;5190;traducao;tíquico;Tíquico;Tíquico;Tíquico
Τύχικον;5190;pt;tíquico;Tíquico;Tíquico;Tíquico
ὑδρωπικὸς;5203;traducao;hidropisical;hidrópico;hidropisical;hidrópico
ὑδρωπικὸς;5203;pt;hidropisical;hidrópico;hidropisical;hidrópico
ὑποκριτῶν;5273;traducao;hipócritos;hipócritas;dos hipócritos;dos hipócritas
ὑποκριτῶν;5273;pt;hipócritos;hipócritas;dos hipócritos;dos hipócritas
ὑποκριτά;5273;traducao;hipócrito;hipócrita;hipócrito;hipócrita
ὑποκριτά;5273;pt;hipócrito;hipócrita;hipócrito;hipócrita
ὑπέθηκαν;5294;traducao;properam;propuseram;eles(as) estabeleceram, sugeriram, properam, definiram antes;eles(as) estabeleceram, sugeriram, propuseram, definiram antes
ὑποπιάζῃ;5299;traducao;esbofetee;esbofeteie;ele(a) ataque sob os olhos, esbofetee, discipline;ele(a) ataque sob os olhos, esbofeteie, discipline
Φάλεκ;5317;traducao;pelegue;Pelegue;Pelegue;Pelegue
Φάλεκ;5317;pt;pelegue;Pelegue;Pelegue;Pelegue
φάλεγ;5317;traducao;pelegue;Pelegue;Pelegue;Pelegue
φάλεγ;5317;pt;pelegue;Pelegue;Pelegue;Pelegue
Φανουήλ;5323;traducao;fanuel;Fanuel;Fanuel;Fanuel
Φανουήλ;5323;pt;fanuel;Fanuel;Fanuel;Fanuel
Φήλικι;5344;traducao;félix;Félix;ao Félix;ao Félix
Φήλικι;5344;pt;félix;Félix;ao Félix;ao Félix
Φήλικος;5344;traducao;félix;Félix;do Félix;do Félix
Φήλικος;5344;pt;félix;Félix;do Félix;do Félix
Φῆλιξ;5344;traducao;félix;Félix;Félix;Félix
Φῆλιξ;5344;pt;félix;Félix;Félix;Félix
Φήλικα;5344;traducao;félix;Félix;Félix;Félix
Φήλικα;5344;pt;félix;Félix;Félix;Félix
φθείρονται;5351;pt;destróem;destroem;destróem;destroem
φθείρουσιν;5351;pt;destróem;destroem;destróem;destroem
φθείρονται;5351;traducao;destróem;destroem;eles(as) destróem, corrompem, estragam;eles(as) destroem, corrompem, estragam
φθείρουσιν;5351;traducao;destróem;destroem;eles(as) destróem, corrompem, estragam;eles(as) destroem, corrompem, estragam
Φιλαδελφείᾳ;5359;traducao;filadélfia;Filadélfia;à Filadélfia;à Filadélfia
Φιλαδελφείᾳ;5359;pt;filadélfia;Filadélfia;à Filadélfia;à Filadélfia
Φιλαδέλφειαν;5359;traducao;filadélfia;Filadélfia;Filadélfia;Filadélfia
Φιλαδέλφειαν;5359;pt;filadélfia;Filadélfia;Filadélfia;Filadélfia
Φιλήμονι;5371;traducao;filemom;Filemon;ao Filemom;ao Filemon
Φιλήμονι;5371;pt;filemom;Filemon;ao Filemom;ao Filemon
Φιλίπποις;5375;traducao;filipos;Filipos;aos Filipos;aos Filipos
Φιλίπποις;5375;pt;filipos;Filipos;aos Filipos;aos Filipos
Φιλίππων;5375;traducao;filipos;Filipos;de Filipos;de Filipos
Φιλίππων;5375;pt;filipos;Filipos;de Filipos;de Filipos
Φιλίππους;5375;traducao;filipos;Filipos;Filipos;Filipos
Φιλίππους;5375;pt;filipos;Filipos;Filipos;Filipos
φλέγοντα;5393;traducao;flégon;Flegon;flégon;Flegon
φλέγοντα;5393;pt;flégon;Flegon;flégon;Flegon
φοίβην;5402;traducao;febe;Febe;Febe;Febe
φοίβην;5402;pt;febe;Febe;Febe;Febe
φρόνημα;5427;traducao;mindset;pensamento;mindset;pensamento
φρόνημα;5427;pt;mindset;pensamento;mindset;pensamento
Χαναὰν;5477;traducao;canaã;Canaã;Canaã;Canaã
Χαναὰν;5477;pt;canaã;Canaã;Canaã;Canaã
χάρακά;5482;traducao;paliçado;estaca;paliçado;estaca
χάρακά;5482;pt;paliçado;estaca;paliçado;estaca
Χαρράν;5488;traducao;harã;Harã;Harã;Harã
Χαρράν;5488;pt;harã;Harã;Harã;Harã
Χερουβὶν;5502;traducao;querubin;querubim;querubin;querubim
Χερουβὶν;5502;pt;querubin;querubim;querubin;querubim
χερουβὶμ;5502;traducao;querubin;querubim;querubin;querubim
χερουβὶμ;5502;pt;querubin;querubim;querubin;querubim
χιλιάσιν;5505;traducao;mis;mil;às mis;às mil
χιλιάσιν;5505;pt;mis;mil;às mis;às mil
χιλίων;5507;traducao;mis;mil;dos mis;dos mil
χιλίων;5507;pt;mis;mil;dos mis;dos mil
χιλίας;5507;traducao;mis;mil;mis;mil
χιλίας;5507;pt;mis;mil;mis;mil
Χλόης;5514;traducao;chloe;Chloe;da Chloe;da Chloe
Χλόης;5514;pt;chloe;Chloe;da Chloe;da Chloe
Χοραζίν;5523;traducao;corazino;Corazin;corazino;Corazin
Χοραζίν;5523;pt;corazino;Corazin;corazino;Corazin
χορηγήσαι;5524;traducao;forneca;forneça;ele(a) forneca;ele(a) forneça
χορηγήσαι;5524;pt;forneca;forneça;forneca;forneça
Χουζᾶ;5529;traducao;cuza;Cuza;de Cuza;de Cuza
Χουζᾶ;5529;pt;cuza;Cuza;de Cuza;de Cuza
ψαλλέτω;5567;traducao;toce;toque;ele(a) cante, faça melodia, toce instrumento de cordas.;ele(a) cante, faça melodia, toque instrumento de cordas.
ψιχίων;5589;traducao;migalhos;migalhas;dos migalhos;dos migalhas
ψιχίων;5589;pt;migalhos;migalhas;dos migalhos;dos migalhas
Ἰωβὴδ;5601;traducao;obede;Obede;Obede;Obede
Ἰωβὴδ;5601;pt;obede;Obede;Obede;Obede
Ὠβὴδ;5601;traducao;obede;Obede;Obede;Obede
Ὠβὴδ;5601;pt;obede;Obede;Obede;Obede
ὡσηὲ;5617;traducao;oséio;Oséias;oséio;Oséias
ὡσηὲ;5617;pt;oséio;Oséias;oséio;Oséias
