grego,strongs,campo,palavra_suspeita,texto_contexto,sugestao,decisao
εἰπόν,3004,pt,ram,disse(ram),,
Δαυίδ,1138,traducao,davi,Davi,,
Δαυίδ,1138,pt,davi,Davi,,
Γαλιλαίας,1056,traducao,galiléia,da Galiléia,,
Γαλιλαίας,1056,pt,galiléia,da Galiléia,,
Ἰωσήφ,2501,traducao,josé,José,,
Ἰωσήφ,2501,pt,josé,José,,
Ἰακώβ,2384,traducao,jacó,Jacó,,
Ἰακώβ,2384,pt,jacó,Jacó,,
Ἰουδαίας,2449,traducao,judéia,da Judéia,,
Ἰουδαίας,2449,pt,judéia,da Judéia,,
Ἡρῴδης,2264,traducao,herodes,Herodes,,
Ἡρῴδης,2264,pt,herodes,Herodes,,
Ἰσαάκ,2464,traducao,isaque,Isaque,,
Ἰσαάκ,2464,pt,isaque,Isaque,,
παρακαλῶ,3870,traducao,lit,"eu rogo, convoco, invoco, lit. chamo para perto, (a) exorto, encorajo, (p) sou consolado",,
Γαλιλαίαν,1056,traducao,galiléia,Galiléia,,
Γαλιλαίαν,1056,pt,galiléia,Galiléia,,
Ἠλίας,2243,traducao,elias,Elias,,
Ἠλίας,2243,pt,elias,Elias,,
Ἰάκωβον,2385,traducao,tiago,Tiago,,
Ἰάκωβον,2385,pt,tiago,Tiago,,
Καφαρναούμ,2584,traducao,cafarnaum,Cafarnaum,,
Καφαρναούμ,2584,pt,cafarnaum,Cafarnaum,,
Καπερναοὺμ,2584,traducao,cafarnaum,Cafarnaum,,
Καπερναοὺμ,2584,pt,cafarnaum,Cafarnaum,,
Καπερναούμ,2584,traducao,cafarnaum,Cafarnaum,,
Καπερναούμ,2584,pt,cafarnaum,Cafarnaum,,
Ἡρῴδου,2264,traducao,herodes,de Herodes,,
Ἡρῴδου,2264,pt,herodes,de Herodes,,
Ἰακώβου,2385,traducao,tiago,de Tiago,,
Ἰακώβου,2385,pt,tiago,de Tiago,,
Αἴγυπτον,125,traducao,egito,Egito,,
Αἴγυπτον,125,pt,egito,Egito,,
ἔπεσον,4098,pt,ram,caí(ram),,
προσεκύνησαν,4352,traducao,lit,"eles(as) se prostraram, reverenciaram, adoraram, lit. beijaram o chão",,
τιμοθεος,5095,traducao,timóteo,Timóteo,,
τιμοθεος,5095,pt,timóteo,Timóteo,,
Ἀντιόχειαν,490,traducao,antioquia,Antioquia,,
Ἀντιόχειαν,490,pt,antioquia,Antioquia,,
Ζεβεδαίου,2199,traducao,zebedeu,de Zebedeu,,
Ζεβεδαίου,2199,pt,zebedeu,de Zebedeu,,
Ἰάκωβος,2385,traducao,tiago,Tiago,,
Ἰάκωβος,2385,pt,tiago,Tiago,,
Ἰορδάνου,2446,traducao,jordão,do Jordão,,
Ἰορδάνου,2446,pt,jordão,do Jordão,,
Ἰουδαία,2449,traducao,judéia,Judéia,,
Ἰουδαία,2449,pt,judéia,Judéia,,
ἀγαπῶμεν,25,traducao,preferamos,"nós amemos, no sentido de preferamos (ação, não sentimento)",,
γρηγορεῖτε,1127,traducao,lit,"vós vigiai, estai alerta, lit permanecei acordado",,
Ἠσαίας,2268,traducao,isaías,Isaías,,
Ἠσαίας,2268,pt,isaías,Isaías,,
Καισάρειαν,2542,traducao,cesareia,Cesareia,,
Καισάρειαν,2542,pt,cesareia,Cesareia,,
περιπάτει,4043,traducao,fig,"tu anda, fig. vive",,
περιπατεῖν,4043,traducao,fig,"andar, fig. viver",,
Βαραββᾶν,912,traducao,barrabás,Barrabás,,
Βαραββᾶν,912,pt,barrabás,Barrabás,,
Ἐλισάβετ,1665,traducao,elisabete,Isabel ou Elisabete,,
Ἐλισάβετ,1665,pt,elisabete,Elisabete,,
Ἠσαίου,2268,traducao,isaías,de Isaías,,
Ἠσαίου,2268,pt,isaías,de Isaías,,
παρακαλῶν,3870,traducao,lit,"rogando, convocando, invocando, lit. chamando para perto, (a) exortando, encorajando, (p) sendo consolado",,
περιπατεῖτε,4043,traducao,fig,"vós andai, fig. vivei",,
Σαούλ,4549,traducao,saul,Saul,,
Σαούλ,4549,pt,saul,Saul,,
Αἰγύπτου,125,traducao,egito,do Egito,,
Αἰγύπτου,125,pt,egito,do Egito,,
Ἁνανίας,367,traducao,ananias,Ananias,,
Ἁνανίας,367,pt,ananias,Ananias,,
Ἔφεσον,2181,traducao,éfeso,Éfeso,,
Ἔφεσον,2181,pt,éfeso,Éfeso,,
Μελχισεδέκ,3198,traducao,melquisedeque,Melquisedeque,,
Μελχισεδέκ,3198,pt,melquisedeque,Melquisedeque,,
παρεκάλει,3870,traducao,lit,"ele(a) rogava, convocava, invocava, lit. chamava para perto, (a) exortava, encorajava, (p) era consolado",,
παρεκάλουν,3870,traducao,lit,"eles(as) rogavam, convocavam, invocavam, lit. chamavam para perto, (a) exortavam, encorajavam, (p) eram consolado",,
Σαμαρείας,4540,traducao,samaria,de Samaria,,
Σαμαρείας,4540,pt,samaria,de Samaria,,
Σαῦλος,4569,traducao,saulo,Saulo,,
Σαῦλος,4569,pt,saulo,Saulo,,
ἀγαπᾶτέ,25,traducao,preferais,"vós ameis, no sentido de preferais (ação, não sentimento)",,
Βεελζεβοὺλ,954,traducao,belzebu,Belzebu,,
Βεελζεβοὺλ,954,pt,belzebu,Belzebu,,
Γαλιλαία,1056,traducao,galiléia,Galiléia,,
Γαλιλαία,1056,pt,galiléia,Galiléia,,
Ἠλίαν,2243,traducao,elias,Elias,,
Ἠλίαν,2243,pt,elias,Elias,,
Ἰούδα,2448,traducao,judá,de Judá,,
Ἰούδα,2448,pt,judá,de Judá,,
Ἰουδαίαν,2449,traducao,judéia,Judéia,,
Ἰουδαίαν,2449,pt,judéia,Judéia,,
εἱστήκει,2476,traducao,estara,"ele(a) se posicionara, estara de pé, parara, estabelecera",,
εἱστήκεισαν,2476,traducao,estaram,"eles(as) se posicionaram, estaram de pé, pararam, estabeleceram",,
περιεπάτει,4043,traducao,fig,"ele(a) andava, fig. vivia",,
περιπατοῦσιν,4043,traducao,fig,"eles(as) andam, fig. vivem",,
προσκυνήσουσιν,4352,traducao,lit,"eles(as) se prostrarão, reverenciarão, adorarão, lit. beijarão o chão",,
Συμεών,4826,traducao,simeão,"Simeão, Simão",,
Συμεών,4826,pt,simeão,Simeão,,
Ἀνδρέας,406,traducao,andré,André,,
Ἀνδρέας,406,pt,andré,André,,
Βηθανίαν,963,traducao,betânia,Betânia,,
Βηθανίαν,963,pt,betânia,Betânia,,
Ἐφέσῳ,2181,traducao,éfeso,a Éfeso,,
Ἐφέσῳ,2181,pt,éfeso,a Éfeso,,
Καισαρείας,2542,traducao,cesareia,de Cesareia,,
Καισαρείας,2542,pt,cesareia,de Cesareia,,
κεκράτηνται,2902,traducao,manteram,"eles(as) seguraram, agarraram, prenderam, manteram",,
κρατῆτε,2902,traducao,mantais,"vós segureis, agarreis, prendais, mantais",,
Ναζαρέθ,3478,traducao,nazaré,Nazaré,,
Ναζαρέθ,3478,pt,nazaré,Nazaré,,
Ναθαναήλ,3482,traducao,natanael,Natanael,,
Ναθαναήλ,3482,pt,natanael,Natanael,,
παρακαλοῦμεν,3870,traducao,lit,"nós rogamos, convocamos, invocamos, lit. chamamos para perto, (a) exortamos, encorajamos, (p) somos consolado",,
παρακαλέσαι,3870,traducao,lit,"rogar, convocar, invocar, lit. chamar para perto, (a) exortar, encorajar, (p) ser consolado",,
παρεκάλεσαν,3870,traducao,lit,"eles(as) rogaram, convocaram, invocaram, lit. chamaram para perto, (a) exortaram, encorajaram, (p) foram consolado",,
περιπατῶν,4043,traducao,fig,"andando, fig. vivendo",,
περιπατοῦντας,4043,traducao,fig,"andando, fig. vivendo",,
Τιμόθεον,5095,traducao,timóteo,Timóteo,,
Τιμόθεον,5095,pt,timóteo,Timóteo,,
Φῆλιξ,5344,traducao,félix,Félix,,
Φῆλιξ,5344,pt,félix,Félix,,
ἀγαπῶ,25,traducao,prefero,"eu amo, no sentido de prefero (ação, não sentimento)",,
ἄρῃ,142,traducao,ergua,"ele(a) ergua, levante, tome, carregue, remova",,
ἄρῃ,142,pt,ergua,ergua,,
Ἁλφαίου,256,traducao,alfeu,de Alfeu,,
Ἁλφαίου,256,pt,alfeu,de Alfeu,,
ἐπιούσῃ,1966,traducao,lit,"seguinte, lit. seguindo, vindo a seguir",,
Κηφᾶς,2786,traducao,cefas,Cefas,,
Κηφᾶς,2786,pt,cefas,Cefas,,
Κιλικίας,2791,traducao,cilícia,da Cilícia,,
Κιλικίας,2791,pt,cilícia,da Cilícia,,
Λευὶ,3017,traducao,levi,Levi,,
Λευὶ,3017,pt,levi,Levi,,
Νικόδημος,3530,traducao,nicodemos,Nicodemos,,
Νικόδημος,3530,pt,nicodemos,Nicodemos,,
παρακάλει,3870,traducao,lit,"tu roga, convoca, invoca, lit. chama para perto, (a) exorta, encoraja, (p) sê consolado",,
παρεκάλεσά,3870,traducao,rogei,"eu rogei, convoquei, invoquei, lit. chamei para perto, (a) exortei, encorajei, (p) fui consolado",,
παρεκάλεσά,3870,traducao,lit,"eu rogei, convoquei, invoquei, lit. chamei para perto, (a) exortei, encorajei, (p) fui consolado",,
παρεκάλεσά,3870,pt,rogei,rogei,,
περιπατοῦντα,4043,traducao,fig,"andando, fig. vivendo",,
περιπατοῦντες,4043,traducao,fig,"andando, fig. vivendo",,
προσκυνοῦντας,4352,traducao,lit,"prostrando, reverenciando, adorando, lit. beijando o chão",,
Ἅβελ,6,traducao,abel,Abel,,
Ἅβελ,6,pt,abel,Abel,,
ᾅδου,86,traducao,hades,do Hades,,
ᾅδου,86,pt,hades,do Hades,,
Αἰγύπτῳ,125,traducao,egito,ao Egito,,
Αἰγύπτῳ,125,pt,egito,ao Egito,,
ἀράτω,142,traducao,ergua,"ele(a) ergua, levante, tome, carregue, remova",,
ἀράτω,142,pt,ergua,ergua,,
Ἀλέξανδρος,223,traducao,alexandre,Alexandre,,
Ἀλέξανδρος,223,pt,alexandre,Alexandre,,
Ἀνδρέαν,406,traducao,andré,André,,
Ἀνδρέαν,406,pt,andré,André,,
Ἀντιοχείᾳ,490,traducao,antioquia,a Antioquia,,
Ἀντιοχείᾳ,490,pt,antioquia,a Antioquia,,
Ἁριμαθαίας,707,traducao,arimatéia,de Arimatéia,,
Ἁριμαθαίας,707,pt,arimatéia,de Arimatéia,,
Βενιαμίν,958,traducao,benjamin,Benjamin,,
Βενιαμίν,958,pt,benjamin,Benjamin,,
Βηθανία,963,traducao,betânia,Betânia,,
Βηθανία,963,pt,betânia,Betânia,,
Γαλιλαῖοι,1057,traducao,galiléia,"Galileu, da Galiléia",,
Γαλιλαῖος,1057,traducao,galiléia,"Galileu, da Galiléia",,
Ζαχαρίας,2197,traducao,zacarias,Zacarias,,
Ζαχαρίας,2197,pt,zacarias,Zacarias,,
Ζαχαρίου,2197,traducao,zacarias,de Zacarias,,
Ζαχαρίου,2197,pt,zacarias,de Zacarias,,
Ἠλίᾳ,2243,traducao,elias,a Elias,,
Ἠλίᾳ,2243,pt,elias,a Elias,,
ἐθαύμασεν,2296,traducao,peu,"ele(a) se maravilhou, peu implicação, admirou",,
Ἰόππην,2445,traducao,jope,Jope,,
Ἰόππην,2445,pt,jope,Jope,,
Ἰόππῃ,2445,traducao,jope,à Jope,,
Ἰόππῃ,2445,pt,jope,à Jope,,
Κανὰ,2580,traducao,caná,Caná,,
Κανὰ,2580,pt,caná,Caná,,
Κορίνθῳ,2882,traducao,corinto,a Corinto,,
Κορίνθῳ,2882,pt,corinto,a Corinto,,
ἐκράτησαν,2902,traducao,manteram,"eles(as) seguraram, agarraram, prenderam, manteram",,
Κύπρον,2954,traducao,chipre,Chipre,,
Κύπρον,2954,pt,chipre,Chipre,,
μαμωνᾶ,3126,traducao,mamon,de Mamon,,
μαμωνᾶ,3126,pt,mamon,de Mamon,,
μαμωνᾷ,3126,traducao,mamon,a Mamon,,
μαμωνᾷ,3126,pt,mamon,a Mamon,,
Ναζαρέτ,3478,traducao,nazaré,Nazaré,,
Ναζαρέτ,3478,pt,nazaré,Nazaré,,
παρακαλοῦντες,3870,traducao,lit,"rogando, convocando, invocando, lit. chamando para perto, (a) exortando, encorajando, (p) sendo consolado",,
πειράζων,3985,traducao,adj,"testando, tentando, examinando; como adj., tentador",,
προσεκύνει,4352,traducao,lit,"ele(a) se prostrava, reverenciava, adorava, lit. beijava o chão",,
προσεκύνησεν,4352,traducao,lit,"ele(a) se prostrou, reverenciou, adorou, lit. beijou o chão",,
Ῥώμην,4516,traducao,roma,Roma,,
Ῥώμην,4516,pt,roma,Roma,,
Σαῦλον,4569,traducao,saulo,Saulo,,
Σαῦλον,4569,pt,saulo,Saulo,,
Σιδῶνι,4605,traducao,sidon,a Sidon,,
Σιδῶνι,4605,pt,sidon,a Sidon,,
Σιδῶνος,4605,traducao,sidon,de Sidon,,
Σιδῶνος,4605,pt,sidon,de Sidon,,
Σοδόμων,4670,traducao,sodoma,de Sodoma,,
Σοδόμων,4670,pt,sodoma,de Sodoma,,
Ἀββά,5,traducao,abba,Abba,,
Ἀββά,5,pt,abba,Abba,,
Ἀβιά,7,traducao,abias,Abias,,
Ἀβιά,7,pt,abias,Abias,,
ᾅδης,86,traducao,hades,Hades,,
ᾅδης,86,pt,hades,Hades,,
Ἀμιναδάβ,284,traducao,aminadabe,Aminadabe,,
Ἀμιναδάβ,284,pt,aminadabe,Aminadabe,,
Ἀμών,300,traducao,amon,Amon,,
Ἀμών,300,pt,amon,Amon,,
Ἀμώς,301,traducao,amós,Amós,,
Ἀμώς,301,pt,amós,Amós,,
Ἀντιοχείας,490,traducao,antioquia,de Antioquia,,
Ἀντιοχείας,490,pt,antioquia,de Antioquia,,
ἀπολλύμεθα,622,traducao,perdemo,"nós destruímo-nos, perecemos, perdemo-nos",,
Ἀρτέμιδος,735,traducao,ártemis,de Ártemis,,
Ἀρτέμιδος,735,pt,ártemis,de Ártemis,,
Βηθσαιδά,966,traducao,betsaida,Betsaida,,
Βηθσαιδά,966,pt,betsaida,Betsaida,,
Βηθφαγὴ,967,traducao,betfagé,Betfagé,,
Βηθφαγὴ,967,pt,betfagé,Betfagé,,
Γαλατίας,1053,traducao,galácia,da Galácia,,
Γαλατίας,1053,pt,galácia,da Galácia,,
Γεννησαρέτ,1082,traducao,genesaré,Genesaré,,
Γεννησαρέτ,1082,pt,genesaré,Genesaré,,
Γεργεσηνῶν,1086,traducao,gergesenos,dos Gergesenos,,
Γεργεσηνῶν,1086,pt,gergesenos,dos Gergesenos,,
Δέρβην,1191,traducao,derbe,Derbe,,
Δέρβην,1191,pt,derbe,Derbe,,
Δημᾶς,1214,traducao,demas,Demas,,
Δημᾶς,1214,pt,demas,Demas,,
ἐβραΐδι,1446,traducao,hebréia,na língua Hebréia,,
ἐβραΐδι,1446,pt,hebréia,na língua Hebréia,,
ἔλεγχε,1651,traducao,expe,"tu condena, reprova, expe, refuta, corrige",,
Ἐλιακίμ,1662,traducao,eliaquim,Eliaquim,,
Ἐλιακίμ,1662,pt,eliaquim,Eliaquim,,
Ἐλιακείμ,1662,traducao,eliaquim,Eliaquim,,
Ἐλιακείμ,1662,pt,eliaquim,Eliaquim,,
Ἑσρώμ,2074,traducao,esrom,Esrom,,
Ἑσρώμ,2074,pt,esrom,Esrom,,
Ζαβουλὼν,2194,traducao,zebulon,Zebulon,,
Ζαβουλὼν,2194,pt,zebulon,Zebulon,,
Ζοροβάβελ,2216,traducao,zorobabel,Zorobabel,,
Ζοροβάβελ,2216,pt,zorobabel,Zorobabel,,
Ἡρῴδῃ,2264,traducao,herodes,a Herodes,,
Ἡρῴδῃ,2264,pt,herodes,a Herodes,,
Ἡρῳδιάδος,2266,traducao,herodias,de Herodias,,
Ἡρῳδιάδος,2266,pt,herodias,de Herodias,,
Ἠσαῦ,2269,traducao,esaú,Esaú,,
Ἠσαῦ,2269,pt,esaú,Esaú,,
τρίχας,2359,traducao,pêlos,"cabelos, pêlos",,
τρίχες,2359,traducao,pêlos,"cabelos, pêlos",,
Ἰκονίῳ,2430,traducao,icônio,a Icônio,,
Ἰκονίῳ,2430,pt,icônio,a Icônio,,
Ἰωσῆτος,2500,traducao,josés,de Josés,,
Ἰωσῆτος,2500,pt,josés,de Josés,,
Κηφᾶ,2786,traducao,cefas,de Cefas,,
Κηφᾶ,2786,pt,cefas,de Cefas,,
Κιλικίαν,2791,traducao,cilícia,Cilícia,,
Κιλικίαν,2791,pt,cilícia,Cilícia,,
κρατήσατε,2902,traducao,mantei,"vós segurai, agarrai, prendei, mantei",,
ἐκράτησεν,2902,traducao,manteu,"ele(a) segurou, agarrou, prendeu, manteu",,
Λαοδικείᾳ,2993,traducao,laodicéia,a Laodicéia,,
Λαοδικείᾳ,2993,pt,laodicéia,a Laodicéia,,
Λύσατε,3089,traducao,destrui,"vós soltai, liberai, dissolvei, quebrai, destrui",,
Ναασσών,3476,traducao,naasson,Naasson,,
Ναασσών,3476,pt,naasson,Naasson,,
Νεφθαλίμ,3508,traducao,naftali,Naftali,,
Νεφθαλίμ,3508,pt,naftali,Naftali,,
Νεφθαλείμ,3508,traducao,naftali,Naftali,,
Νεφθαλείμ,3508,pt,naftali,Naftali,,
παρακαλεῖν,3870,traducao,lit,"rogar, convocar, invocar, lit. chamar para perto, (a) exortar, encorajar, (p) ser consolado",,
παρακαλεῖτε,3870,traducao,lit,"vós rogai, convocai, invocai, lit. chamai para perto, (a) exortai, encorajai, (p) sede consolado",,
παρεκάλεσέν,3870,traducao,lit,"ele(a) rogou, convocou, invocou, lit. chamou para perto, (a) exortou, encorajou, (p) foi consolado",,
περιεπάτησεν,4043,traducao,fig,"ele(a) andou, fig. viveu",,
περιπατήσωμεν,4043,traducao,fig,"nós andemos, fig. vivamos",,
περιπατῇ,4043,traducao,fig,"ele(a) ande, fig. viva",,
περιπατῶμεν,4043,traducao,fig,"nós andemos, fig. vivamos",,
προσκυνεῖν,4352,traducao,lit,"prostrar-se, reverenciar, adorar, lit. beijar o chão",,
προσκυνῆσαι,4352,traducao,lit,"prostrar, reverenciar, adorar, lit. beijar o chão",,
προφητεύσουσιν,4395,traducao,predizerão,"eles(as) profetizarão, predizerão",,
Ῥώμῃ,4516,traducao,roma,a Roma,,
Ῥώμῃ,4516,pt,roma,a Roma,,
Σαλαθιήλ,4528,traducao,salatiel,Salatiel,,
Σαλαθιήλ,4528,pt,salatiel,Salatiel,,
Σαμουὴλ,4545,traducao,samuel,Samuel,,
Σαμουὴλ,4545,pt,samuel,Samuel,,
Σιλωάμ,4611,traducao,siloé,Siloé,,
Σιλωάμ,4611,pt,siloé,Siloé,,
Σοδόμοις,4670,traducao,sodoma,a Sodoma,,
Σοδόμοις,4670,pt,sodoma,a Sodoma,,
Σόδομα,4670,traducao,sodoma,Sodoma,,
Σόδομα,4670,pt,sodoma,Sodoma,,
Τιβεριάδος,5085,traducao,tiberíades,de Tiberíades,,
Τιβεριάδος,5085,pt,tiberíades,de Tiberíades,,
Τρῳάδα,5174,traducao,trôade,Trôade,,
Τρῳάδα,5174,pt,trôade,Trôade,,
Τύχικος,5190,traducao,tíquico,Tíquico,,
Τύχικος,5190,pt,tíquico,Tíquico,,
Ἰωβὴδ,5601,traducao,obede,Obede,,
Ἰωβὴδ,5601,pt,obede,Obede,,
Ὠβὴδ,5601,traducao,obede,Obede,,
Ὠβὴδ,5601,pt,obede,Obede,,
Ἀβιούδ,10,traducao,abiúde,Abiúde,,
Ἀβιούδ,10,pt,abiúde,Abiúde,,
Ἄγαβος,13,traducao,ágabo,Ágabo,,
Ἄγαβος,13,pt,ágabo,Ágabo,,
ᾅδην,86,traducao,hades,Hades,,
ᾅδην,86,pt,hades,Hades,,
Ἀζώρ,107,traducao,azor,Azor,,
Ἀζώρ,107,pt,azor,Azor,,
Ἀθήναις,116,traducao,atenas,Atenas,,
Ἀθήναις,116,pt,atenas,Atenas,,
Ἀθηνῶν,116,traducao,atenas,Atenas,,
Ἀθηνῶν,116,pt,atenas,Atenas,,
ἄλογα,249,traducao,irracionais,irracionais,,
ἄλογα,249,pt,irracionais,irracionais,,
Ἁνανία,367,traducao,ananias,Ananias,,
Ἁνανία,367,pt,ananias,Ananias,,
Ἀνδρέου,406,traducao,andré,de André,,
Ἀνδρέου,406,pt,andré,de André,,
ἀπώλεσα,622,pt,destrui,destrui,,
Ἄρτεμις,735,traducao,ártemis,Ártemis,,
Ἄρτεμις,735,pt,ártemis,Ártemis,,
Ἀρχίππῳ,751,traducao,arquipo,a Arquipo,,
Ἀρχίππῳ,751,pt,arquipo,a Arquipo,,
Ἀσάφ,760,traducao,asafe,Asafe,,
Ἀσάφ,760,pt,asafe,Asafe,,
Ἀσήρ,768,traducao,aser,Aser,,
Ἀσήρ,768,pt,aser,Aser,,
Ἀχάζ,881,traducao,acaz,Acaz,,
Ἀχάζ,881,pt,acaz,Acaz,,
Ἀχίμ,885,traducao,aquim,Aquim,,
Ἀχίμ,885,pt,aquim,Aquim,,
Ἀχείμ,885,traducao,aquim,Aquim,,
Ἀχείμ,885,pt,aquim,Aquim,,
Βαραββᾶς,912,traducao,barrabás,Barrabás,,
Βαραββᾶς,912,pt,barrabás,Barrabás,,
Βαρσαββᾶν,923,traducao,barsabás,Barsabás,,
Βαρσαββᾶν,923,pt,barsabás,Barsabás,,
Βερνίκη,959,traducao,berenice,Berenice,,
Βερνίκη,959,pt,berenice,Berenice,,
Βηθανίας,963,traducao,betânia,de Betânia,,
Βηθανίας,963,pt,betânia,de Betânia,,
Βηθσαιδάν,966,traducao,betsaida,Betsaida,,
Βηθσαιδάν,966,pt,betsaida,Betsaida,,
Βοὲς,1003,traducao,boaz,Boaz,,
Βοὲς,1003,pt,boaz,Boaz,,
Γαβριὴλ,1043,traducao,gabriel,Gabriel,,
Γαβριὴλ,1043,pt,gabriel,Gabriel,,
Γαμαλιήλ,1059,traducao,gamaliel,Gamaliel,,
Γαμαλιήλ,1059,pt,gamaliel,Gamaliel,,
Γεθσημανί,1068,traducao,getsêmani,Getsêmani,,
Γεθσημανί,1068,pt,getsêmani,Getsêmani,,
Γόμορρα,1116,traducao,gomorra,Gomorra,,
Γόμορρα,1116,pt,gomorra,Gomorra,,
γραμματεῦσιν,1122,traducao,escribos,aos escribos,,
γραμματεῦσιν,1122,pt,escribos,aos escribos,,
Δανιὴλ,1158,traducao,daniel,Daniel,,
Δανιὴλ,1158,pt,daniel,Daniel,,
Δεκαπόλεως,1179,traducao,decápolis,de Decápolis,,
Δεκαπόλεως,1179,pt,decápolis,de Decápolis,,
Δημήτριος,1216,traducao,demétrio,Demétrio,,
Δημήτριος,1216,pt,demétrio,Demétrio,,
εἰώθει,1486,traducao,estara,ele(a) estara acostumado,,
εἰώθει,1486,pt,estara,estara acostumado,,
εἰδωλολάτραις,1496,traducao,idólatros,aos idólatros,,
εἰδωλολάτραις,1496,pt,idólatros,aos idólatros,,
εἰδωλολάτρης,1496,traducao,idólatro,idólatro,,
εἰδωλολάτρης,1496,pt,idólatro,idólatro,,
Ἐλεάζαρ,1648,traducao,eleazar,Eleazar,,
Ἐλεάζαρ,1648,pt,eleazar,Eleazar,,
ἔλεγξον,1651,traducao,expe,"tu condena, reprova, expe, refuta, corrige",,
Ἐλιούδ,1664,traducao,eliud,eliud,,
Ἐλιούδ,1664,pt,eliud,eliud,,
Ἐπαφρᾶς,1889,traducao,epafro,Epafro,,
Ἐπαφρᾶς,1889,pt,epafro,Epafro,,
Ἔραστος,2037,traducao,erasto,Erasto,,
Ἔραστος,2037,pt,erasto,Erasto,,
Ἑρμῆν,2060,traducao,herme,herme,,
Ἑρμῆν,2060,pt,herme,herme,,
εὐαγγελιστοῦ,2099,traducao,evangelisto,do evangelisto,,
εὐαγγελιστοῦ,2099,pt,evangelisto,do evangelisto,,
Ἐφέσου,2181,traducao,éfesa,da éfesa,,
Ἐφέσου,2181,pt,éfesa,da éfesa,,
Ζακχαῖος,2195,traducao,zaqueu,Zaqueu,,
Ζακχαῖος,2195,pt,zaqueu,Zaqueu,,
Ζαχαρίαν,2197,traducao,zacario,zacario,,
Ζαχαρίαν,2197,pt,zacario,zacario,,
ηλι,2241,traducao,eli,eli,,
ηλι,2241,pt,eli,eli,,
Ἠλίου,2243,traducao,elio,do elio,,
Ἠλίου,2243,pt,elio,do elio,,
Ἡρῴδην,2264,traducao,herodes,Herodes,,
Ἡρῴδην,2264,pt,herodes,Herodes,,
Ἡρῳδιάδα,2266,traducao,herodias,Herodias,,
Ἡρῳδιάδα,2266,pt,herodias,Herodias,,
Ἠσαίαν,2268,traducao,isaío,isaío,,
Ἠσαίαν,2268,pt,isaío,isaío,,
Θεόφιλε,2321,traducao,teófilo,Teófilo,,
Θεόφιλε,2321,pt,teófilo,Teófilo,,
Θεσσαλονίκην,2332,traducao,tessalônica,Tessalônica,,
Θεσσαλονίκην,2332,pt,tessalônica,Tessalônica,,
Θεσσαλονίκῃ,2332,traducao,tessalônica,à Tessalônica,,
Θεσσαλονίκῃ,2332,pt,tessalônica,à Tessalônica,,
Θυατείροις,2363,traducao,tiatiros,aos Tiatiros,,
Θυατείροις,2363,pt,tiatiros,aos Tiatiros,,
θυμοί,2372,traducao,iros,iros,,
θυμοί,2372,pt,iros,iros,,
Ἰάϊρος,2383,traducao,jairo,Jairo,,
Ἰάϊρος,2383,pt,jairo,Jairo,,
Ἰακώβῳ,2385,traducao,jame,ao jame,,
Ἰακώβῳ,2385,pt,jame,ao jame,,
Ἰάσονος,2394,traducao,jasão,do Jasão,,
Ἰάσονος,2394,pt,jasão,do Jasão,,
Ἰάσων,2394,traducao,jasão,Jasão,,
Ἰάσων,2394,pt,jasão,Jasão,,
Ἰκόνιον,2430,traducao,icônio,Icônio,,
Ἰκόνιον,2430,pt,icônio,Icônio,,
Ἰόππης,2445,traducao,jope,de Jope,,
Ἰόππης,2445,pt,jope,de Jope,,
Ἰορδάνην,2446,traducao,jordão,Jordão,,
Ἰορδάνην,2446,pt,jordão,Jordão,,
Ἰορδάνῃ,2446,traducao,jordão,ao Jordão,,
Ἰορδάνῃ,2446,pt,jordão,ao Jordão,,
Ἰσραηλίτης,2475,traducao,israelito,Israelito,,
Ἰσραηλίτης,2475,pt,israelito,Israelito,,
Ἰταλίαν,2482,traducao,itália,Itália,,
Ἰταλίαν,2482,pt,itália,Itália,,
Ἰταλίας,2482,traducao,itália,da Itália,,
Ἰταλίας,2482,pt,itália,da Itália,,
Ἰωαθάμ,2488,traducao,jotão,Jotão,,
Ἰωαθάμ,2488,pt,jotão,Jotão,,
Ἰωράμ,2496,traducao,joram,Joram,,
Ἰωράμ,2496,pt,joram,Joram,,
Ἰωσαφάτ,2498,traducao,josafá,Josafá,,
Ἰωσαφάτ,2498,pt,josafá,Josafá,,
καθήσεσθε,2521,traducao,estáis,"vós sentais, estáis sentado, habitais",,
Καιάφαν,2533,traducao,caifá,Caifá,,
Καιάφαν,2533,pt,caifá,Caifá,,
Καινάμ,2536,traducao,kainam,kainam,,
Καινάμ,2536,pt,kainam,kainam,,
κατάσχωμεν,2722,traducao,restringamos,"nós seguremos firme, restringamos, possuamos, mantenhamos",,
Κενχρεαῖς,2747,traducao,cencréias,às Cencréias,,
Κενχρεαῖς,2747,pt,cencréias,às Cencréias,,
κιθαρῳδῶν,2790,traducao,harpistos,dos harpistos,,
κιθαρῳδῶν,2790,pt,harpistos,dos harpistos,,
Κόρινθον,2882,traducao,corinta,corinta,,
Κόρινθον,2882,pt,corinta,corinta,,
κρατεῖτε,2902,traducao,manteis,"vós apreendeis, segurais, agarrais, reteis, manteis",,
ἐκρατήσατέ,2902,traducao,mantestes,"vós apreendestes, segurastes, agarrastes, retestes, mantestes",,
Λευὶν,3018,traducao,levi,Levi,,
Λευὶν,3018,pt,levi,Levi,,
Μανασσῆ,3128,traducao,manassé,Manassé,,
Μανασσῆ,3128,pt,manassé,Manassé,,
Μαρίαν,3137,traducao,mary,mary,,
Μαρίαν,3137,pt,mary,mary,,
Μαθθαῖος,3156,traducao,mateu,Mateu,,
Μαθθαῖος,3156,pt,mateu,Mateu,,
Ματθαῖον,3156,traducao,mateu,Mateu,,
Ματθαῖον,3156,pt,mateu,Mateu,,
Ματθαῖος,3156,traducao,mateu,Mateu,,
Ματθαῖος,3156,pt,mateu,Mateu,,
Ματθάν,3157,traducao,mathan,mathan,,
Ματθάν,3157,pt,mathan,mathan,,
Μαθθάτ,3158,traducao,matthat,matthat,,
Μαθθάτ,3158,pt,matthat,matthat,,
Μαθθίαν,3159,traducao,matio,matio,,
Μαθθίαν,3159,pt,matio,matio,,
Ματταθίου,3161,traducao,matatio,do matatio,,
Ματταθίου,3161,pt,matatio,do matatio,,
μέλλετε,3195,traducao,estáis,"vós estáis prestes a, pretendeis, estáis destinado",,
μέλλετε,3195,traducao,estáis,"vós estáis prestes a, pretendeis, estáis destinado",,
μέλλετε,3195,pt,estáis,estáis prestes a,,
Μελχὶ,3197,traducao,melqui,melqui,,
Μελχὶ,3197,pt,melqui,melqui,,
Ναζαρά,3478,traducao,nazaré,Nazaré,,
Ναζαρά,3478,pt,nazaré,Nazaré,,
Νικολαϊτῶν,3531,traducao,nicolaítos,dos nicolaítos,,
Νικολαϊτῶν,3531,pt,nicolaítos,dos nicolaítos,,
Νινευῖται,3536,traducao,ninivitos,ninivitos,,
Νινευῖται,3536,pt,ninivitos,ninivitos,,
Ὀνησιφόρου,3683,traducao,onesíforo,do Onesíforo,,
Ὀνησιφόρου,3683,pt,onesíforo,do Onesíforo,,
ὀρφανούς,3737,traducao,órfões,órfões,,
ὀρφανούς,3737,pt,órfões,órfões,,
ὀφείλετε,3784,traducao,estáis,"vós deveis, estáis em dívida, estáis obrigado",,
ὀφείλετε,3784,traducao,estáis,"vós deveis, estáis em dívida, estáis obrigado",,
Πάφου,3974,traducao,pafa,da pafa,,
Πάφου,3974,pt,pafa,da pafa,,
Πισιδίαν,4099,traducao,pisídia,Pisídia,,
Πισιδίαν,4099,pt,pisídia,Pisídia,,
πληρώματα,4138,traducao,plenitudes,plenitudes,,
πληρώματα,4138,pt,plenitudes,plenitudes,,
Ποντίου,4194,traducao,pôncio,do Pôncio,,
Ποντίου,4194,pt,pôncio,do Pôncio,,
Πρίσκιλλα,4252,traducao,priscila,Priscila,,
Πρίσκιλλα,4252,pt,priscila,Priscila,,
προεγράφη,4270,traducao,escrevido,"ele(a) foi escrevido antes, foi retratado publicamente, foi anunciado de antemão",,
προεγράφη,4270,pt,escrevido,foi escrevido antes,,
προσκυνήσεις,4352,traducao,lit,"tu te prostrarás, reverenciarás, adorarás, lit. beijarás o chão",,
προσκυνήσων,4352,traducao,lit,"prestes a prostrar, prestes a reverenciar, prestes a adorar, lit. prestes a beijar o chão",,
προσκυνήσῃς,4352,traducao,lit,"tu te prostres, reverencies, adores, lit. beijes o chão",,
προσκύνησον,4352,traducao,lit,"tu te prostra, reverencia, adora, lit. beija o chão",,
προφητεύητε,4395,traducao,predizais,"vós profetizeis, faleis por inspiração divina, predizais",,
πρώτοις,4413,traducao,ens,aos ens primeiro lugar,,
πρώτοις,4413,pt,ens,aos ens primeiro lugar,,
πρῶτα,4413,traducao,ens,ens primeiro lugar,,
πρῶτα,4413,pt,ens,ens primeiro lugar,,
Ῥαὰβ,4460,traducao,raabe,Raabe,,
Ῥαὰβ,4460,pt,raabe,Raabe,,
Σαδώκ,4524,traducao,zadoque,Zadoque,,
Σαδώκ,4524,pt,zadoque,Zadoque,,
Σαλώμη,4539,traducao,salomé,Salomé,,
Σαλώμη,4539,pt,salomé,Salomé,,
Σαμάρεια,4540,traducao,samaria,Samaria,,
Σαμάρεια,4540,pt,samaria,Samaria,,
σανδάλιά,4547,traducao,sandálios,sandálios,,
σανδάλιά,4547,pt,sandálios,sandálios,,
Σαύλου,4569,traducao,saulo,do Saulo,,
Σαύλου,4569,pt,saulo,do Saulo,,
Σιδῶνα,4605,traducao,sídon,sídon,,
Σιδῶνα,4605,pt,sídon,sídon,,
στενοχωρεῖσθε,4729,traducao,estáis,"vós estáis angustiado, estáis em dificuldade, estáis em um lugar estreito",,
στενοχωρεῖσθε,4729,traducao,estáis,"vós estáis angustiado, estáis em dificuldade, estáis em um lugar estreito",,
στενοχωρεῖσθε,4729,traducao,estáis,"vós estáis angustiado, estáis em dificuldade, estáis em um lugar estreito",,
στενοχωρεῖσθε,4729,pt,estáis,estáis angustiado,,
Στεφάνῳ,4736,traducao,estêvão,ao Estêvão,,
Στεφάνῳ,4736,pt,estêvão,ao Estêvão,,
συνέχομαι,4912,traducao,restringo,"eu mantenho unido, restringo, obrigo, pressiono",,
Συχέμ,4966,traducao,siquém,Siquém,,
Συχέμ,4966,pt,siquém,Siquém,,
Ταβιθά,5000,traducao,tabito,Tabito,,
Ταβιθά,5000,pt,tabito,Tabito,,
ἐτήρησάς,5083,traducao,manteste,"tu manteste, guardaste, observaste, zelaste",,
ἐτήρησάς,5083,pt,manteste,manteste,,
Τιμοθέου,5095,traducao,timóteo,do Timóteo,,
Τιμοθέου,5095,pt,timóteo,do Timóteo,,
Τιμοθέῳ,5095,traducao,timóteo,ao Timóteo,,
Τιμοθέῳ,5095,pt,timóteo,ao Timóteo,,
Τιμόθεε,5095,traducao,timóteo,Timóteo,,
Τιμόθεε,5095,pt,timóteo,Timóteo,,
Τρόφιμον,5161,traducao,trófimo,Trófimo,,
Τρόφιμον,5161,pt,trófimo,Trófimo,,
Τρῳάδι,5174,traducao,trôade,à Trôade,,
Τρῳάδι,5174,pt,trôade,à Trôade,,
Τύχικον,5190,traducao,tíquico,Tíquico,,
Τύχικον,5190,pt,tíquico,Tíquico,,
ὑποκριτά,5273,traducao,hipócrito,hipócrito,,
ὑποκριτά,5273,pt,hipócrito,hipócrito,,
ὑποκριτῶν,5273,traducao,hipócritos,dos hipócritos,,
ὑποκριτῶν,5273,pt,hipócritos,dos hipócritos,,
Φιλίπποις,5375,traducao,filipos,aos Filipos,,
Φιλίπποις,5375,pt,filipos,aos Filipos,,
Χαναὰν,5477,traducao,canaã,Canaã,,
Χαναὰν,5477,pt,canaã,Canaã,,
Χαρράν,5488,traducao,harã,Harã,,
Χαρράν,5488,pt,harã,Harã,,
χιλίας,5507,traducao,mis,mis,,
χιλίας,5507,pt,mis,mis,,
Χοραζίν,5523,traducao,corazino,corazino,,
Χοραζίν,5523,pt,corazino,corazino,,
ψιχίων,5589,traducao,migalhos,dos migalhos,,
ψιχίων,5589,pt,migalhos,dos migalhos,,
Ἀβιάθαρ,8,traducao,abiatar,Abiatar,,
Ἀβιάθαρ,8,pt,abiatar,Abiatar,,
Ἀβιληνῆς,9,traducao,abilene,da Abilene,,
Ἀβιληνῆς,9,pt,abilene,da Abilene,,
ᾅδῃ,86,traducao,hade,ao hade,,
ᾅδῃ,86,pt,hade,ao hade,,
Αἴγυπτος,125,traducao,egita,egita,,
Αἴγυπτος,125,pt,egita,egita,,
Αἰνέα,132,traducao,enéio,enéio,,
Αἰνέα,132,pt,enéio,enéio,,
Αἰνέαν,132,traducao,enéio,enéio,,
Αἰνέαν,132,pt,enéio,enéio,,
αἰτήσηται,154,traducao,exijisse,"ele(a) pedisse, solicitasse, exijisse",,
ἀλείψωσιν,218,traducao,ungam,eles(as) ungam,,
ἀλείψωσιν,218,pt,ungam,ungam,,
Ἀλέξανδρον,223,traducao,alexandre,Alexandre,,
Ἀλέξανδρον,223,pt,alexandre,Alexandre,,
Ἀλεξάνδρου,223,traducao,alexandre,do Alexandre,,
Ἀλεξάνδρου,223,pt,alexandre,do Alexandre,,
Ἀμφίπολιν,295,traducao,anfípoli,anfípoli,,
Ἀμφίπολιν,295,pt,anfípoli,anfípoli,,
ἀναβαίνουσιν,305,traducao,subem,eles(as) subem,,
ἀναβαίνουσιν,305,pt,subem,subem,,
Ἁνανίαν,367,traducao,ananias,Ananias,,
Ἁνανίαν,367,pt,ananias,Ananias,,
ἀνέθετο,394,traducao,expeu,"ele(a) expeu, declarou, colocou diante, comunicou",,
ἀνέθετο,394,pt,expeu,expeu,,
ἀνεθέμην,394,traducao,expi,"eu expi, declarei, coloquei diante, comuniquei",,
ἀνεθέμην,394,pt,expi,expi,,
Ἀνδρέᾳ,406,traducao,andré,ao André,,
Ἀνδρέᾳ,406,pt,andré,ao André,,
ἀνθύπατοί,446,traducao,procônsules,procônsules,,
ἀνθύπατοί,446,pt,procônsules,procônsules,,
Ἅννα,451,traducao,ana,Ana,,
Ἅννα,451,pt,ana,Ana,,
Ἀντιοχέα,491,traducao,antioquio,antioquio,,
Ἀντιοχέα,491,pt,antioquio,antioquio,,
ἀπεράντοις,562,traducao,sens,às sens fim,,
ἀπεράντοις,562,pt,sens,às sens fim,,
ἀπέχεσθε,568,traducao,abstei,"vós tende por inteiro, recebei, estai distante, vos abstei",,
ἀπέχετε,568,traducao,estáis,"vós tendes por inteiro, recebeis, estáis distante, vos absteis",,
ἀπέχετε,568,traducao,absteis,"vós tendes por inteiro, recebeis, estáis distante, vos absteis",,
ἀπεῖχεν,568,traducao,abstia,"ele(a) tinha por inteiro, recebia, estava distante, se abstia",,
ἀποβάλητε,577,traducao,perdais,"vós jogueis fora, perdais",,
ἀπέκρυψας,613,traducao,manteste,"tu escondeste, manteste segredo",,
ἀπολέσητε,622,traducao,perdais,"vós destruais, pereçais, perdais",,
ἀπόλλυνται,622,traducao,destróem,"eles(as) destróem, perecem, perdem",,
ἀπόλλυνται,622,pt,destróem,destróem,,
ἀπόλωνται,622,traducao,perdam,"eles(as) destruam, pereçam, perdam",,
Ἀπολλύων,623,traducao,apoliom,Apoliom,,
Ἀπολλύων,623,pt,apoliom,Apoliom,,
Ἀπολλωνίαν,624,traducao,apolónia,Apolónia,,
Ἀπολλωνίαν,624,pt,apolónia,Apolónia,,
ἀργυροκόπος,695,traducao,ourive,ourive,,
ἀργυροκόπος,695,pt,ourive,ourive,,
Ἁρέτα,702,traducao,areto,do areto,,
Ἁρέτα,702,pt,areto,do areto,,
Μαγεδών,717,traducao,armagedom,Armagedom,,
Μαγεδών,717,pt,armagedom,Armagedom,,
Ἃρ ͜ ,717,traducao,armagedom,Armagedom,,
Ἃρ ͜ ,717,pt,armagedom,Armagedom,,
Ἀρφαξάδ,742,traducao,arfaxade,arfaxade,,
Ἀρφαξάδ,742,pt,arfaxade,arfaxade,,
Ἀρχέλαος,745,traducao,arquelau,Arquelau,,
Ἀρχέλαος,745,pt,arquelau,Arquelau,,
ἀρωμάτων,759,traducao,especiarios,dos especiarios,,
ἀρωμάτων,759,pt,especiarios,dos especiarios,,
ἀσσαρίου,787,traducao,assarion,de assarion,,
ἀσσαρίου,787,pt,assarion,de assarion,,
ἀσσαρίων,787,traducao,assariones,dos assariones,,
ἀσσαρίων,787,pt,assariones,dos assariones,,
ἄστρα,798,traducao,estrelos,estrelos,,
ἄστρα,798,pt,estrelos,estrelos,,
ἄστροις,798,traducao,estrelos,aos estrelos,,
ἄστροις,798,pt,estrelos,aos estrelos,,
ἄστρων,798,traducao,estrelos,dos estrelos,,
ἄστρων,798,pt,estrelos,dos estrelos,,
Ἀττάλειαν,825,traducao,atália,Atália,,
Ἀττάλειαν,825,pt,atália,Atália,,
ἀφανίζουσιν,853,traducao,destróem,"eles(as) destróem, desaparecem, tornam invisível",,
ἀφανίζουσιν,853,pt,destróem,destróem,,
Βαλαάμ,903,traducao,balaão,Balaão,,
Βαλαάμ,903,pt,balaão,Balaão,,
Βαλὰκ,904,traducao,balaque,Balaque,,
Βαλὰκ,904,pt,balaque,Balaque,,
βαπτίσωνται,907,traducao,imergam,"eles(as) batizem, imergam, mergulhem",,
Βαράκ,913,traducao,baraque,Baraque,,
Βαράκ,913,pt,baraque,Baraque,,
Βαρτίμαιος,924,traducao,bartimeu,Bartimeu,,
Βαρτίμαιος,924,pt,bartimeu,Bartimeu,,
Βελίαρ,955,traducao,beliar,Beliar,,
Βελίαρ,955,pt,beliar,Beliar,,
Βερνίκης,959,traducao,berenice,da Berenice,,
Βερνίκης,959,pt,berenice,da Berenice,,
Βέροιαν,960,traducao,beréia,Beréia,,
Βέροιαν,960,pt,beréia,Beréia,,
Βεροίᾳ,960,traducao,beréia,à Beréia,,
Βεροίᾳ,960,pt,beréia,à Beréia,,
Βεροιαῖος,961,traducao,bereano,Bereano,,
Βεροιαῖος,961,pt,bereano,Bereano,,
Βηθζαθά,964,traducao,betesdo,Betesdo,,
Βηθζαθά,964,pt,betesdo,Betesdo,,
Βιθυνίαν,978,traducao,bitínia,Bitínia,,
Βιθυνίαν,978,pt,bitínia,Bitínia,,
Βιθυνίας,978,traducao,bitínia,da Bitínia,,
Βιθυνίας,978,pt,bitínia,da Bitínia,,
Βοός,1003,traducao,boaz,Boaz,,
Βοός,1003,pt,boaz,Boaz,,
Βοὸζ,1003,traducao,boaz,Boaz,,
Βοὸζ,1003,pt,boaz,Boaz,,
βορβόρου,1004,traducao,lamo,do lamo,,
βορβόρου,1004,pt,lamo,do lamo,,
Βοσόρ,1007,traducao,bosor,bosor,,
Βοσόρ,1007,pt,bosor,bosor,,
γαζοφυλακίου,1049,traducao,tesourario,de tesourario,,
γαζοφυλακίου,1049,pt,tesourario,de tesourario,,
γαζοφυλακίῳ,1049,traducao,tesourario,a tesourario,,
γαζοφυλακίῳ,1049,pt,tesourario,a tesourario,,
Γαλάται,1052,traducao,gálatos,Gálatos,,
Γαλάται,1052,pt,gálatos,Gálatos,,
Γαλατίαν,1053,traducao,galácia,Galácia,,
Γαλατίαν,1053,pt,galácia,Galácia,,
Γομόρρας,1116,traducao,gomorra,da Gomorra,,
Γομόρρας,1116,pt,gomorra,da Gomorra,,
Γομόρροις,1116,traducao,gomorros,aos Gomorros,,
Γομόρροις,1116,pt,gomorros,aos Gomorros,,
Γομόρρων,1116,traducao,gomorros,dos Gomorros,,
Γομόρρων,1116,pt,gomorros,dos Gomorros,,
Γὼγ,1136,traducao,gogue,Gogue,,
Γὼγ,1136,pt,gogue,Gogue,,
Δαλμανουθά,1148,traducao,dalmanuta,Dalmanuta,,
Δαλμανουθά,1148,pt,dalmanuta,Dalmanuta,,
Δαλματίαν,1149,traducao,dalmácia,Dalmácia,,
Δαλματίαν,1149,pt,dalmácia,Dalmácia,,
Δάμαρις,1152,traducao,damares,Damares,,
Δάμαρις,1152,pt,damares,Damares,,
ἐδειγμάτισεν,1165,traducao,expeu,"ele(a) deu exemplo público, expeu, desonrou",,
Δεκαπόλει,1179,traducao,decápoli,à Decápoli,,
Δεκαπόλει,1179,pt,decápoli,à Decápoli,,
Δερβαῖος,1190,traducao,derbean,derbean,,
Δερβαῖος,1190,pt,derbean,derbean,,
Δημητρίῳ,1216,traducao,demétrio,ao Demétrio,,
Δημητρίῳ,1216,pt,demétrio,ao Demétrio,,
διασείσητε,1286,traducao,extorquais,"vós extorquais, sacudais violentamente, intimideis",,
διασείσητε,1286,pt,extorquais,extorquais,,
Διοσκούροις,1359,traducao,dióscuros,aos dióscuros,,
Διοσκούροις,1359,pt,dióscuros,aos dióscuros,,
Διοτρέφης,1361,traducao,diótrefe,diótrefe,,
Διοτρέφης,1361,pt,diótrefe,diótrefe,,
Δρουσίλλῃ,1409,traducao,drusila,à Drusila,,
Δρουσίλλῃ,1409,pt,drusila,à Drusila,,
Ἔβερ,1443,traducao,éber,Éber,,
Ἔβερ,1443,pt,éber,Éber,,
ἐγκρατῆ,1468,traducao,autocontrolado,autocontrolado,,
ἐγκρατῆ,1468,pt,autocontrolado,autocontrolado,,
Ἑζεκίαν,1478,traducao,ezequio,ezequio,,
Ἑζεκίαν,1478,pt,ezequio,ezequio,,
Ἑζεκίας,1478,traducao,ezequio,ezequio,,
Ἑζεκίας,1478,pt,ezequio,ezequio,,
ἐθνάρχης,1481,traducao,etnarco,etnarco,,
ἐθνάρχης,1481,pt,etnarco,etnarco,,
εἰδῶμεν,1492,traducao,vêssemos,"nós vêssemos, soubéssemos, percebêssemos, estivéssemos atento",,
εἰδῶμεν,1492,pt,vêssemos,vêssemos,,
ἐκκαθάρῃ,1571,traducao,purge,"ele(a) limpe completamente, purge, purifique",,
ἐκπέσητε,1601,traducao,perdais,"vós caiais, falheis, perdais, caiais fora.",,
ἐκπέσωμεν,1601,traducao,perdamos,"nós caiamos, falhemos, perdamos, caiamos fora.",,
ἐκπέσωσιν,1601,traducao,perdam,"eles(as) caiam, falhem, perdam, caiam fora.",,
ἐκτεθέντος,1620,traducao,expido,"tendo sido expido, tendo sido explicado, tendo sido declarado",,
ἐκτεθέντος,1620,pt,expido,tendo sido expido,,
ἐξέθεντο,1620,traducao,experam,"eles(as) experam, explicaram, declararam",,
ἐξέθεντο,1620,pt,experam,experam,,
Ἐλαμῖται,1639,traducao,elamitos,elamitos,,
Ἐλαμῖται,1639,pt,elamitos,elamitos,,
ἐλέγξει,1651,traducao,experá,"ele(a) condenará, reprovará, experá, refutará, corrigirá",,
ἐλέγχει,1651,traducao,expe,"ele(a) condena, reprova, expe, refuta, corrige",,
ἐλέγχεται,1651,traducao,expe,"ele(a) condena, reprova, expe, refuta, corrige",,
ἐλέγχετε,1651,traducao,expei,"vós condenai, reprovai, expei, refutai, corrigi",,
ἐλέγχω,1651,traducao,expo,"eu condeno, reprovo, expo, refuto, corrijo",,
ἐλεγχθῇ,1651,traducao,expido,"ele(a) seja condenado, seja reprovado, seja expido, seja refutado, seja corrigido",,
Ἐλιέζερ,1663,traducao,eliézer,Eliézer,,
Ἐλιέζερ,1663,pt,eliézer,Eliézer,,
Ἐλισαίου,1666,traducao,eliseu,do Eliseu,,
Ἐλισαίου,1666,pt,eliseu,do Eliseu,,
Ἑλλάδα,1671,traducao,grécia,Grécia,,
Ἑλλάδα,1671,pt,grécia,Grécia,,
Ἐλμαδάμ,1678,traducao,elmadam,elmadam,,
Ἐλμαδάμ,1678,pt,elmadam,elmadam,,
Ἐλύμας,1681,traducao,elimo,elimo,,
Ἐλύμας,1681,pt,elimo,elimo,,
Ἐμμανουήλ,1694,traducao,emanuel,Emanuel,,
Ἐμμανουήλ,1694,pt,emanuel,Emanuel,,
Ἐμμαούς,1695,traducao,emaú,emaú,,
Ἐμμαούς,1695,pt,emaú,emaú,,
Ἑμμὼρ,1697,traducao,hamor,Hamor,,
Ἑμμὼρ,1697,pt,hamor,Hamor,,
Ἐνώς,1800,traducao,eno,eno,,
Ἐνώς,1800,pt,eno,eno,,
ἐξάρατε,1808,traducao,destrui,"vós tirai, removei, levantai, destrui.",,
ἐξορκιστῶν,1845,traducao,exorcistos,dos exorcistos,,
ἐξορκιστῶν,1845,pt,exorcistos,dos exorcistos,,
Ἐπαφρᾶ,1889,traducao,epafro,do Epafro,,
Ἐπαφρᾶ,1889,pt,epafro,do Epafro,,
Ἐπαφροδίτου,1891,traducao,epafrodito,do Epafrodito,,
Ἐπαφροδίτου,1891,pt,epafrodito,do Epafrodito,,
Ἐπαφρόδιτον,1891,traducao,epafrodito,Epafrodito,,
Ἐπαφρόδιτον,1891,pt,epafrodito,Epafrodito,,
ἐπέβην,1910,traducao,embarcei,"eu segui, embarcei, pisei",,
Ἐπικουρείων,1946,traducao,epicuristos,dos epicuristos,,
Ἐπικουρείων,1946,pt,epicuristos,dos epicuristos,,
ἐπισκηνώσῃ,1981,traducao,tabernaculize,"ele(a) habite, tabernaculize, cobra",,
Ἔραστον,2037,traducao,erasto,Erasto,,
Ἔραστον,2037,pt,erasto,Erasto,,
Ἑρμογένης,2061,traducao,hermógene,hermógene,,
Ἑρμογένης,2061,pt,hermógene,hermógene,,
Ἑσλὶ,2069,traducao,hesli,hesli,,
Ἑσλὶ,2069,pt,hesli,hesli,,
ἑτερογλώσσοις,2084,traducao,des,aos des outra língua,,
ἑτερογλώσσοις,2084,pt,des,aos des outra língua,,
εὐαγγελιστάς,2099,traducao,evangelistos,evangelistos,,
εὐαγγελιστάς,2099,pt,evangelistos,evangelistos,,
εὔβουλος,2103,traducao,êubulo,Êubulo,,
εὔβουλος,2103,pt,êubulo,Êubulo,,
εὐνίκῃ,2131,traducao,eunice,à Eunice,,
εὐνίκῃ,2131,pt,eunice,à Eunice,,
εὐρακύλων,2148,traducao,euroclydon,euroclydon,,
εὐρακύλων,2148,pt,euroclydon,euroclydon,,
εὔτυχος,2161,traducao,êutico,Êutico,,
εὔτυχος,2161,pt,êutico,Êutico,,
εὐφράτην,2166,traducao,eufrate,Eufrate,,
εὐφράτην,2166,pt,eufrate,Eufrate,,
εὐφράτῃ,2166,traducao,eufrate,ao Eufrate,,
εὐφράτῃ,2166,pt,eufrate,ao Eufrate,,
Ἐφραὶμ,2187,traducao,efraim,Efraim,,
Ἐφραὶμ,2187,pt,efraim,Efraim,,
Ζακχαῖε,2195,traducao,zaqueu,Zaqueu,,
Ζακχαῖε,2195,pt,zaqueu,Zaqueu,,
Ζαρὰ,2196,traducao,zaro,zaro,,
Ζαρὰ,2196,pt,zaro,zaro,,
Ζαχαρία,2197,traducao,zacario,zacario,,
Ζαχαρία,2197,pt,zacario,zacario,,
Ζεβεδαῖον,2199,traducao,zebedeu,Zebedeu,,
Ζεβεδαῖον,2199,pt,zebedeu,Zebedeu,,
Διὸς,2203,traducao,zeu,do Zeu,,
Διὸς,2203,pt,zeu,do Zeu,,
Ἡρῳδιὰς,2266,traducao,herodias,Herodias,,
Ἡρῳδιὰς,2266,pt,herodias,Herodias,,
Ἠσαίᾳ,2268,traducao,isaío,ao isaío,,
Ἠσαίᾳ,2268,pt,isaío,ao isaío,,
Θαδδαῖον,2280,traducao,tadeu,Tadeu,,
Θαδδαῖον,2280,pt,tadeu,Tadeu,,
Θαδδαῖος,2280,traducao,tadeu,Tadeu,,
Θαδδαῖος,2280,pt,tadeu,Tadeu,,
Θάμαρ,2283,traducao,thamar,thamar,,
Θάμαρ,2283,pt,thamar,thamar,,
Θαρά,2291,traducao,tharo,tharo,,
Θαρά,2291,pt,tharo,tharo,,
Θεσσαλονίκης,2332,traducao,tessalônica,da Tessalônica,,
Θεσσαλονίκης,2332,pt,tessalônica,da Tessalônica,,
Θευδᾶς,2333,traducao,teudo,teudo,,
Θευδᾶς,2333,pt,teudo,teudo,,
Θυάτειρα,2363,traducao,tiatiros,Tiatiros,,
Θυάτειρα,2363,pt,tiatiros,Tiatiros,,
Θυατείρων,2363,traducao,tiatiros,dos Tiatiros,,
Θυατείρων,2363,pt,tiatiros,dos Tiatiros,,
Ἰαμβρῆς,2387,traducao,jambre,jambre,,
Ἰαμβρῆς,2387,pt,jambre,jambre,,
Ἰανναί,2388,traducao,jannai,jannai,,
Ἰανναί,2388,pt,jannai,jannai,,
Ἰάρετ,2391,traducao,jared,jared,,
Ἰάρετ,2391,pt,jared,jared,,
Ἰάσονα,2394,traducao,jasão,Jasão,,
Ἰάσονα,2394,pt,jasão,Jasão,,
Ἰδουμαίας,2401,traducao,iduméia,da Iduméia,,
Ἰδουμαίας,2401,pt,iduméia,da Iduméia,,
Ἰεζάβελ,2403,traducao,jezabel,Jezabel,,
Ἰεζάβελ,2403,pt,jezabel,Jezabel,,
Ἰεφθάε,2422,traducao,jefté,Jefté,,
Ἰεφθάε,2422,pt,jefté,Jefté,,
Ἰεχονίαν,2423,traducao,jeconio,jeconio,,
Ἰεχονίαν,2423,pt,jeconio,jeconio,,
Ἰεχονίας,2423,traducao,jeconio,jeconio,,
Ἰεχονίας,2423,pt,jeconio,jeconio,,
Ἰκονίου,2430,traducao,icônio,de Icônio,,
Ἰκονίου,2430,pt,icônio,de Icônio,,
Ἰωδά,2448,traducao,judá,Judá,,
Ἰωδά,2448,pt,judá,Judá,,
Ἰουλίῳ,2457,traducao,júlio,ao Júlio,,
Ἰουλίῳ,2457,pt,júlio,ao Júlio,,
Ἰούλιος,2457,traducao,júlio,Júlio,,
Ἰούλιος,2457,pt,júlio,Júlio,,
Ἰσσαχὰρ,2466,traducao,issacar,Issacar,,
Ἰσσαχὰρ,2466,pt,issacar,Issacar,,
Ἰτουραίας,2484,traducao,itureana,da itureana,,
Ἰτουραίας,2484,pt,itureana,da itureana,,
Ἰωανάν,2490,traducao,john,john,,
Ἰωανάν,2490,pt,john,john,,
Ἰωήλ,2493,traducao,joel,Joel,,
Ἰωήλ,2493,pt,joel,Joel,,
Ἰωνάμ,2494,traducao,jonam,jonam,,
Ἰωνάμ,2494,pt,jonam,jonam,,
Ἰωσήχ,2501,traducao,josé,José,,
Ἰωσήχ,2501,pt,josé,José,,
Ἰωσῆς,2501,traducao,josé,José,,
Ἰωσῆς,2501,pt,josé,José,,
Ἰωσίαν,2502,traducao,josio,josio,,
Ἰωσίαν,2502,pt,josio,josio,,
Ἰωσίας,2502,traducao,josio,josio,,
Ἰωσίας,2502,pt,josio,josio,,
ἰῶτα,2503,traducao,ioto,ioto,,
ἰῶτα,2503,pt,ioto,ioto,,
Καισαρείᾳ,2542,traducao,cesaréia,à cesaréia,,
Καισαρείᾳ,2542,pt,cesaréia,à cesaréia,,
Κανδάκης,2582,traducao,candace,da Candace,,
Κανδάκης,2582,pt,candace,da Candace,,
Καππαδοκίαν,2587,traducao,capadócia,Capadócia,,
Καππαδοκίαν,2587,pt,capadócia,Capadócia,,
Καππαδοκίας,2587,traducao,capadócia,da Capadócia,,
Καππαδοκίας,2587,pt,capadócia,da Capadócia,,
κατέλυσα,2647,pt,destrui,destrui,,
κατέχωμεν,2722,traducao,restringamos,"nós seguremos firme, restringamos, possuamos, mantenhamos",,
κατήφειαν,2726,traducao,desânima,desânima,,
κατήφειαν,2726,pt,desânima,desânima,,
Κέδρων,2748,traducao,cedron,Cedron,,
Κέδρων,2748,pt,cedron,Cedron,,
Καῦδα,2802,traducao,cláudio,Cláudio,,
Καῦδα,2802,pt,cláudio,Cláudio,,
Κλαυδία,2803,traducao,cláudia,Cláudia,,
Κλαυδία,2803,pt,cláudia,Cláudia,,
Κλαυδίου,2804,traducao,cláudio,do Cláudio,,
Κλαυδίου,2804,pt,cláudio,do Cláudio,,
Κλαύδιον,2804,traducao,cláudio,Cláudio,,
Κλαύδιον,2804,pt,cláudio,Cláudio,,
Κλαύδιος,2804,traducao,cláudio,Cláudio,,
Κλαύδιος,2804,pt,cláudio,Cláudio,,
Κλεόπας,2810,traducao,cléofo,cléofo,,
Κλεόπας,2810,pt,cléofo,cléofo,,
Κλωπᾶ,2832,traducao,clopas,de Clopas,,
Κλωπᾶ,2832,pt,clopas,de Clopas,,
Κνίδον,2834,traducao,cnida,cnida,,
Κνίδον,2834,pt,cnida,cnida,,
κράσπεδα,2899,traducao,franjos,franjos,,
κράσπεδα,2899,pt,franjos,franjos,,
κρατήσωσιν,2902,traducao,mantam,"eles(as) apreendam, segurem, agarrem, retam, mantam",,
κρατεῖς,2902,traducao,mantes,"tu apreendes, seguras, agarras, retes, mantes",,
κρατοῦσιν,2902,traducao,mantem,"eles(as) apreendem, seguram, agarram, retem, mantem",,
κρατῶμεν,2902,traducao,mantamos,"nós apreendamos, seguremos, agarremos, retamos, mantamos",,
ἐκρατοῦντο,2902,traducao,retiam,"eles(as) apreendiam, seguravam, agarravam, retiam, mantiam",,
ἐκρατοῦντο,2902,traducao,mantiam,"eles(as) apreendiam, seguravam, agarravam, retiam, mantiam",,
ἔκρυψας,2928,traducao,manteste,"tu escondeste, manteste segredo",,
Κύπρου,2954,traducao,chipre,da Chipre,,
Κύπρου,2954,pt,chipre,da Chipre,,
Κυρήνην,2957,traducao,cirene,Cirene,,
Κυρήνην,2957,pt,cirene,Cirene,,
Κυρηνίου,2958,traducao,quirino,do Quirino,,
Κυρηνίου,2958,pt,quirino,do Quirino,,
κωλύσῃς,2967,traducao,restringas,"tu impeças, proíbas, restringas",,
Λάμεχ,2984,traducao,lameque,Lameque,,
Λάμεχ,2984,pt,lameque,Lameque,,
Λαοδίκειαν,2993,traducao,laodicéia,Laodicéia,,
Λαοδίκειαν,2993,pt,laodicéia,Laodicéia,,
Λαοδικείας,2993,traducao,laodicéia,da Laodicéia,,
Λαοδικείας,2993,pt,laodicéia,da Laodicéia,,
Λαοδικέων,2994,traducao,laodicéios,dos laodicéios,,
Λαοδικέων,2994,pt,laodicéios,dos laodicéios,,
Λασαία,2996,traducao,lasaia,lasaia,,
Λασαία,2996,pt,lasaia,lasaia,,
Λευὶς,3018,traducao,levi,Levi,,
Λευὶς,3018,pt,levi,Levi,,
Λευίτας,3019,traducao,levitos,levitos,,
Λευίτας,3019,pt,levitos,levitos,,
Λίνος,3044,traducao,linu,linu,,
Λίνος,3044,pt,linu,linu,,
Λυδία,3070,traducao,lídia,Lídia,,
Λυδία,3070,pt,lídia,Lídia,,
Λυδίαν,3070,traducao,lídia,Lídia,,
Λυδίαν,3070,pt,lídia,Lídia,,
Λυκαονίας,3071,traducao,licaônia,da licaônia,,
Λυκαονίας,3071,pt,licaônia,da licaônia,,
Λυσανίου,3078,traducao,lisânio,do lisânio,,
Λυσανίου,3078,pt,lisânio,do lisânio,,
λύουσιν,3089,traducao,destróem,"eles(as) soltam, liberam, dissolvem, quebram, destróem",,
Λωίδι,3090,traducao,loi,ao loi,,
Λωίδι,3090,pt,loi,ao loi,,
Μαάθ,3092,traducao,maath,maath,,
Μαάθ,3092,pt,maath,maath,,
Μαγαδάν,3093,traducao,magadan,Magadan,,
Μαγαδάν,3093,pt,magadan,Magadan,,
Μαγώγ,3098,traducao,magogue,Magogue,,
Μαγώγ,3098,pt,magogue,Magogue,,
Μαδιάμ,3099,traducao,midiã,Midiã,,
Μαδιάμ,3099,pt,midiã,Midiã,,
Μεννά,3104,traducao,mainan,mainan,,
Μεννά,3104,pt,mainan,mainan,,
μαίνεσθε,3105,traducao,estáis,"vós estáis louco, delirais, sois louco",,
μαίνεσθε,3105,pt,estáis,estáis louco,,
Μαλελεήλ,3121,traducao,maalalel,maalalel,,
Μαλελεήλ,3121,pt,maalalel,maalalel,,
Μάλχος,3124,traducao,malco,Malco,,
Μάλχος,3124,pt,malco,Malco,,
Μαναήν,3127,traducao,manaém,Manaém,,
Μαναήν,3127,pt,manaém,Manaém,,
Μανασσῆς,3128,traducao,manassé,Manassé,,
Μανασσῆς,3128,pt,manassé,Manassé,,
Ματταθά,3160,traducao,mattatho,mattatho,,
Ματταθά,3160,pt,mattatho,mattatho,,
Μελεά,3190,traducao,meléo,meléo,,
Μελεά,3190,pt,meléo,meléo,,
Μεσσίαν,3323,traducao,messio,messio,,
Μεσσίαν,3323,pt,messio,messio,,
Μεσσίας,3323,traducao,messio,messio,,
Μεσσίας,3323,pt,messio,messio,,
μετρητὰς,3355,traducao,measures,measures,,
μετρητὰς,3355,pt,measures,measures,,
μητρολῴαις,3389,traducao,insultora,aos mães-insultora,,
μητρολῴαις,3389,pt,insultora,aos mães-insultora,,
Μίλητον,3399,traducao,mileta,Mileta,,
Μίλητον,3399,pt,mileta,Mileta,,
Μιλήτου,3399,traducao,mileta,da Mileta,,
Μιλήτου,3399,pt,mileta,da Mileta,,
Μιλήτῳ,3399,traducao,mileta,à Mileta,,
Μιλήτῳ,3399,pt,mileta,à Mileta,,
μισεῖς,3404,traducao,odias,"tu odias, detestas, abominas",,
μισεῖς,3404,pt,odias,odias,,
Μιτυλήνην,3412,traducao,mitilene,mitilene,,
Μιτυλήνην,3412,pt,mitilene,mitilene,,
Μνάσωνί,3416,traducao,mnason,ao Mnason,,
Μνάσωνί,3416,pt,mnason,ao Mnason,,
Μωυσέα,3475,traducao,moisé,Moisé,,
Μωυσέα,3475,pt,moisé,Moisé,,
Μωυσῇ,3475,traducao,moisé,ao Moisé,,
Μωυσῇ,3475,pt,moisé,ao Moisé,,
Μωσῆς,3475,traducao,moisé,ao Moisé,,
Μωσῆς,3475,pt,moisé,ao Moisé,,
Ναγγαί,3477,traducao,naggai,naggai,,
Ναγγαί,3477,pt,naggai,naggai,,
Ναθάμ,3481,traducao,nathan,nathan,,
Ναθάμ,3481,pt,nathan,nathan,,
Ναίν,3484,traducao,naim,Naim,,
Ναίν,3484,pt,naim,Naim,,
Ναούμ,3486,traducao,naum,Naum,,
Ναούμ,3486,pt,naum,Naum,,
Ναχώρ,3493,traducao,naor,Naor,,
Ναχώρ,3493,pt,naor,Naor,,
Ναιμὰν,3497,traducao,naamã,Naamã,,
Ναιμὰν,3497,pt,naamã,Naamã,,
νεφροὺς,3510,traducao,rines,rines),,
νεφροὺς,3510,pt,rines,rines),,
Νηρὶ,3518,traducao,néri,néri,,
Νηρὶ,3518,pt,néri,néri,,
Νίγερ,3526,traducao,níger,níger,,
Νίγερ,3526,pt,níger,níger,,
Νικάνορα,3527,traducao,nicanor,Nicanor,,
Νικάνορα,3527,pt,nicanor,Nicanor,,
Νικόλαον,3532,traducao,nicolo,nicolo,,
Νικόλαον,3532,pt,nicolo,nicolo,,
Νινευίταις,3536,traducao,ninivitos,aos ninivitos,,
Νινευίταις,3536,pt,ninivitos,aos ninivitos,,
Νύμφαν,3564,traducao,numpho,numpho,,
Νύμφαν,3564,pt,numpho,numpho,,
Ὀζίαν,3604,traducao,uzio,uzio,,
Ὀζίαν,3604,pt,uzio,uzio,,
Ὀζίας,3604,traducao,uzio,uzio,,
Ὀζίας,3604,pt,uzio,uzio,,
Ὀνήσιμον,3682,traducao,onésimo,Onésimo,,
Ὀνήσιμον,3682,pt,onésimo,Onésimo,,
Ὀνησίμῳ,3682,traducao,onésimo,ao Onésimo,,
Ὀνησίμῳ,3682,pt,onésimo,ao Onésimo,,
ὀστρακίνοις,3749,traducao,des,aos des barro,,
ὀστρακίνοις,3749,pt,des,aos des barro,,
Οὐρίου,3774,traducao,urio,do urio,,
Οὐρίου,3774,pt,urio,do urio,,
πάρεστε,3918,traducao,estáis,"vós estáis presente, estáis perto, vindes",,
πάρεστε,3918,traducao,estáis,"vós estáis presente, estáis perto, vindes",,
πάρεστε,3918,pt,estáis,estáis presente,,
Παρμενᾶν,3937,traducao,parmeno,Parmeno,,
Παρμενᾶν,3937,pt,parmeno,Parmeno,,
Πάταρα,3959,traducao,pátaros,pátaros,,
Πάταρα,3959,pt,pátaros,pátaros,,
πατάξῃ,3960,pt,atace,atace,,
Πάτμῳ,3963,traducao,patma,à Patma,,
Πάτμῳ,3963,pt,patma,à Patma,,
πατριάρχαι,3966,traducao,patriarcos,patriarcos,,
πατριάρχαι,3966,pt,patriarcos,patriarcos,,
πατριάρχας,3966,traducao,patriarcos,patriarcos,,
πατριάρχας,3966,pt,patriarcos,patriarcos,,
πατριάρχης,3966,traducao,patriarco,patriarco,,
πατριάρχης,3966,pt,patriarco,patriarco,,
πατριάρχου,3966,traducao,patriarco,do patriarco,,
πατριάρχου,3966,pt,patriarco,do patriarco,,
παυσάτω,3973,traducao,restringa,"ele(a) pare, restringa",,
παύομαι,3973,traducao,restringo,"eu paro, restringo",,
Πέργαμον,4010,traducao,pérgama,pérgama ou pérgamo,,
Πέργαμον,4010,traducao,pérgamo,pérgama ou pérgamo,,
Πέργαμον,4010,pt,pérgama,pérgama ou pérgamo,,
Πέργαμον,4010,pt,pérgamo,pérgama ou pérgamo,,
Περγάμῳ,4010,traducao,pérgama,à pérgama ou pérgamo,,
Περγάμῳ,4010,traducao,pérgamo,à pérgama ou pérgamo,,
Περγάμῳ,4010,pt,pérgama,à pérgama ou pérgamo,,
Περγάμῳ,4010,pt,pérgamo,à pérgama ou pérgamo,,
Πέργην,4011,traducao,perga,Perga,,
Πέργην,4011,pt,perga,Perga,,
Πέργης,4011,traducao,perga,da Perga,,
Πέργης,4011,pt,perga,da Perga,,
Πέργῃ,4011,traducao,perga,à Perga,,
Πέργῃ,4011,pt,perga,à Perga,,
περίψημα,4067,traducao,offscouring,offscouring,,
περίψημα,4067,pt,offscouring,offscouring,,
πινακίδιον,4093,traducao,tablet,pequeno tablet,,
πινακίδιον,4093,pt,tablet,pequeno tablet,,
Πόντιος,4194,traducao,pôncio,Pôncio,,
Πόντιος,4194,pt,pôncio,Pôncio,,
Ποπλίου,4196,traducao,públio,do Públio,,
Ποπλίου,4196,pt,públio,do Públio,,
Ποπλίῳ,4196,traducao,públio,ao Públio,,
Ποπλίῳ,4196,pt,públio,ao Públio,,
Πόρκιον,4201,traducao,pórcio,pórcio,,
Πόρκιον,4201,pt,pórcio,pórcio,,
Ποτιόλους,4223,traducao,putéolis,Putéolis,,
Ποτιόλους,4223,pt,putéolis,Putéolis,,
Πρίσκιλλαν,4252,traducao,priscila,Priscila,,
Πρίσκιλλαν,4252,pt,priscila,Priscila,,
προθύμως,4290,traducao,ânsio,ânsio,,
προθύμως,4290,pt,ânsio,ânsio,,
προσεκύνουν,4352,traducao,lit,"eles(as) se prostravam, reverenciavam, adoravam, lit. beijavam o chão",,
προσκυνήσαντες,4352,traducao,lit,"tendo prostrado, tendo reverenciado, tendo adorado, lit. tendo beijado o chão",,
προσκυνήσατε,4352,traducao,lit,"vós vos prostrai, reverenciai, adorai, lit. beijai o chão",,
προσκυνήσει,4352,traducao,lit,"ele(a) se prostrará, reverenciará, adorará, lit. beijará o chão",,
προσκυνήσετε,4352,traducao,lit,"vós vos prostrareis, reverenciareis, adorareis, lit. beijareis o chão",,
προσκυνήσω,4352,traducao,lit,"eu me prostre, reverencie, adore, lit. beije o chão",,
προσκυνήσωσιν,4352,traducao,lit,"eles(as) se prostrem, reverenciem, adorem, lit. beijem o chão",,
προσκυνεῖ,4352,traducao,lit,"ele(a) se prostra, reverencia, adora, lit. beija o chão",,
προσκυνεῖτε,4352,traducao,lit,"vós vos prostrais, reverenciais, adorais, lit. beijais o chão",,
προσκυνησάτωσαν,4352,traducao,lit,"eles(as) se prostrem, reverenciem, adorem, lit. beijem o chão",,
προσκυνοῦμεν,4352,traducao,lit,"nós nos prostramos, reverenciamos, adoramos, lit. beijamos o chão",,
προσκυνοῦντες,4352,traducao,lit,"prostrando, reverenciando, adorando, lit. beijando o chão",,
προσκυνοῦσα,4352,traducao,lit,"prostrando, reverenciando, adorando, lit. beijando o chão",,
προεφήτευσαν,4395,traducao,predizeram,"eles(as) profetizaram, falaram por inspiração divina, predizeram",,
προφητεύωσιν,4395,traducao,predizam,"eles(as) profetizem, falem por inspiração divina, predizam",,
ἐπροφήτευσαν,4395,traducao,predizeram,"eles(as) profetizaram, falaram por inspiração divina, predizeram",,
Πρόχορον,4402,traducao,prócoro,Prócoro,,
Πρόχορον,4402,pt,prócoro,Prócoro,,
Πτολεμαΐδα,4424,traducao,ptolemaida,Ptolemaida,,
Πτολεμαΐδα,4424,pt,ptolemaida,Ptolemaida,,
Ῥαγαύ,4466,traducao,reu,reu,,
Ῥαγαύ,4466,pt,reu,reu,,
Ῥαχάβ,4477,traducao,raabe,Raabe,,
Ῥαχάβ,4477,pt,raabe,Raabe,,
Ῥαιφάν,4481,traducao,remfano,remfano,,
Ῥαιφάν,4481,pt,remfano,remfano,,
ῥήξωσιν,4486,traducao,rasgem,"eles(as) quebrem, estourem, rasgem",,
Ῥησά,4488,traducao,rheso,rheso,,
Ῥησά,4488,pt,rheso,rheso,,
Ῥουβὴν,4502,traducao,ruben,Ruben,,
Ῥουβὴν,4502,pt,ruben,Ruben,,
Ῥώμης,4516,traducao,roma,da roma,,
Ῥώμης,4516,pt,roma,da roma,,
Σαλαμῖνι,4529,traducao,salamina,à salamina,,
Σαλαμῖνι,4529,pt,salamina,à salamina,,
Σαλμώνην,4534,traducao,salmone,Salmone,,
Σαλμώνην,4534,pt,salmone,Salmone,,
σαλπιστῶν,4538,traducao,trompetistos,dos trompetistos,,
σαλπιστῶν,4538,pt,trompetistos,dos trompetistos,,
Σαμάρειαν,4540,traducao,samaria,Samaria,,
Σαμάρειαν,4540,pt,samaria,Samaria,,
Σαμοθρᾴκην,4543,traducao,samotrácia,samotrácia,,
Σαμοθρᾴκην,4543,pt,samotrácia,samotrácia,,
Σάρεπτα,4558,traducao,sarepta,Sarepta,,
Σάρεπτα,4558,pt,sarepta,Sarepta,,
Σερούχ,4562,traducao,serugue,serugue,,
Σερούχ,4562,pt,serugue,serugue,,
Σαρῶνα,4565,traducao,sharon,sharon,,
Σαρῶνα,4565,pt,sharon,sharon,,
Σαύλῳ,4569,traducao,saulo,ao Saulo,,
Σαύλῳ,4569,pt,saulo,ao Saulo,,
Σελεύκειαν,4581,traducao,selêucia,Selêucia,,
Σελεύκειαν,4581,pt,selêucia,Selêucia,,
Σεργίῳ,4588,traducao,sérgio,ao Sérgio,,
Σεργίῳ,4588,pt,sérgio,ao Sérgio,,
στεῖραι,4723,traducao,estéris,estéris,,
στεῖραι,4723,pt,estéris,estéris,,
Στεφάνου,4736,traducao,estêvão,do Estêvão,,
Στεφάνου,4736,pt,estêvão,do Estêvão,,
Στοϊκῶν,4770,traducao,estóicos,dos estóicos,,
Στοϊκῶν,4770,pt,estóicos,dos estóicos,,
συκοφαντήσητε,4811,traducao,extorquais,"vós acuseis falsamente, extorquais, fraudeis",,
συνεστήσατε,4921,traducao,mantestes,"vós elogiastes, estabelecestes, demonstrastes, provastes, mantestes unido",,
Συντύχην,4941,traducao,síntique,Síntique,,
Συντύχην,4941,pt,síntique,Síntique,,
Συροφοινίκισσα,4949,traducao,sirofenícia,mulher sirofenícia,,
Συροφοινίκισσα,4949,pt,sirofenícia,mulher sirofenícia,,
Σύρτιν,4950,traducao,sirti,sirti,,
Σύρτιν,4950,pt,sirti,sirti,,
Συχὰρ,4965,traducao,sicar,Sicar,,
Συχὰρ,4965,pt,sicar,Sicar,,
Σώπατρος,4986,traducao,sópater,Sópater,,
Σώπατρος,4986,pt,sópater,Sópater,,
Σωσθένην,4988,traducao,sóstene,Sóstene,,
Σωσθένην,4988,pt,sóstene,Sóstene,,
Σωσθένης,4988,traducao,sóstene,Sóstene,,
Σωσθένης,4988,pt,sóstene,Sóstene,,
σωφρονήσατε,4993,traducao,autocontrolado,"vós tende a mente sã, sede autocontrolado, tende a mente sóbria",,
τεράτων,5059,traducao,maravilhos,dos maravilhos,,
τεράτων,5059,pt,maravilhos,dos maravilhos,,
Τέρτυλλος,5061,traducao,tértulo,Tértulo,,
Τέρτυλλος,5061,pt,tértulo,Tértulo,,
Τερτύλλου,5061,traducao,tértulo,do Tértulo,,
Τερτύλλου,5061,pt,tértulo,do Tértulo,,
τετραάρχου,5076,traducao,tetrarco,do tetrarco,,
τετραάρχου,5076,pt,tetrarco,do tetrarco,,
τετήρηκας,5083,traducao,manteste,"tu manteste, guardaste, observaste, zelaste",,
τετήρηκας,5083,pt,manteste,manteste,,
Τιβερίου,5086,traducao,tibério,do Tibério,,
Τιβερίου,5086,pt,tibério,do Tibério,,
Τιμαίου,5090,traducao,timeu,do Timeu,,
Τιμαίου,5090,pt,timeu,do Timeu,,
τετραχηλισμένα,5136,traducao,expido,"tendo se desnudado, tendo se expido",,
Τραχωνίτιδος,5139,traducao,traconite,da traconite,,
Τραχωνίτιδος,5139,pt,traconite,da traconite,,
τρίζει,5149,traducao,moe,"ele(a) range, moe",,
Τρόφιμος,5161,traducao,trófimo,Trófimo,,
Τρόφιμος,5161,pt,trófimo,Trófimo,,
Τρῳάδος,5174,traducao,trôade,da Trôade,,
Τρῳάδος,5174,pt,trôade,da Trôade,,
ὑδρωπικὸς,5203,traducao,hidropisical,hidropisical,,
ὑδρωπικὸς,5203,pt,hidropisical,hidropisical,,
ὑπωπιάζῃ,5299,pt,atace,atace sob os olhos,,
Φάλεκ,5317,traducao,pelegue,Pelegue,,
Φάλεκ,5317,pt,pelegue,Pelegue,,
Φανουήλ,5323,traducao,fanuel,Fanuel,,
Φανουήλ,5323,pt,fanuel,Fanuel,,
Φήλικα,5344,traducao,félix,Félix,,
Φήλικα,5344,pt,félix,Félix,,
Φήλικι,5344,traducao,félix,ao Félix,,
Φήλικι,5344,pt,félix,ao Félix,,
Φήλικος,5344,traducao,félix,do Félix,,
Φήλικος,5344,pt,félix,do Félix,,
φθείρονται,5351,traducao,destróem,"eles(as) destróem, corrompem, estragam",,
φθείρονται,5351,pt,destróem,destróem,,
φθείρουσιν,5351,traducao,destróem,"eles(as) destróem, corrompem, estragam",,
φθείρουσιν,5351,pt,destróem,destróem,,
Φιλαδέλφειαν,5359,traducao,filadélfia,Filadélfia,,
Φιλαδέλφειαν,5359,pt,filadélfia,Filadélfia,,
Φιλαδελφείᾳ,5359,traducao,filadélfia,à Filadélfia,,
Φιλαδελφείᾳ,5359,pt,filadélfia,à Filadélfia,,
Φιλήμονι,5371,traducao,filemom,ao Filemom,,
Φιλήμονι,5371,pt,filemom,ao Filemom,,
Φιλίππους,5375,traducao,filipos,Filipos,,
Φιλίππους,5375,pt,filipos,Filipos,,
Φιλίππων,5375,traducao,filipos,de Filipos,,
Φιλίππων,5375,pt,filipos,de Filipos,,
χάρακά,5482,traducao,paliçado,paliçado,,
χάρακά,5482,pt,paliçado,paliçado,,
Χερουβὶν,5502,traducao,querubin,querubin,,
Χερουβὶν,5502,pt,querubin,querubin,,
χιλιάσιν,5505,traducao,mis,às mis,,
χιλιάσιν,5505,pt,mis,às mis,,
χιλίων,5507,traducao,mis,dos mis,,
χιλίων,5507,pt,mis,dos mis,,
Χλόης,5514,traducao,chloe,da Chloe,,
Χλόης,5514,pt,chloe,da Chloe,,
Χουζᾶ,5529,traducao,cuza,de Cuza,,
Χουζᾶ,5529,pt,cuza,de Cuza,,
Ἀμπλιᾶτος,291,traducao,amplíato,Amplíato,,
Ἀμπλιᾶτος,291,pt,amplíato,Amplíato,,
ἀδικήσωσιν,91,traducao,feram,"eles(as) façam o mal, agam injustamente, feram",,
ἀμπλίαν,291,traducao,amplíato,Amplíato,,
ἀμπλίαν,291,pt,amplíato,Amplíato,,
ἀναπαύσωνται,373,traducao,desçansar,"desçansar, refresçar, dar desçanso",,
ἀναπαύσωνται,373,traducao,refresçar,"desçansar, refresçar, dar desçanso",,
ἀναπαύσωνται,373,traducao,desçanso,"desçansar, refresçar, dar desçanso",,
ἀναπαύσωνται,373,pt,desçansar,desçansar,,
ἀνδρόνικον,408,traducao,andrônico,Andrônico,,
ἀνδρόνικον,408,pt,andrônico,Andrônico,,
ἀνείλετε,337,traducao,destruistes,"vós ocupastes, matastes, abolistes, destruistes",,
ἀνεῖλον,337,traducao,destruiram,"eles(as) ocuparam, mataram, aboliram, destruiram",,
ἀνθέστηκεν,436,traducao,opeu,"ele(a) resistiu, se opeu",,
ἀνθεστηκότες,436,traducao,opido,"tendo resistido, tendo opido",,
ἀντιλέγοντα,483,traducao,opendo,"falando contra, opendo, contradizendo",,
ἀπέκρυψεν,613,traducao,manteu,"ele(a) escondeu, manteu segredo",,
ἀποθνῄσκωμεν,599,traducao,perecamos,"nós morramos, perecamos",,
ἀπολέσωμεν,622,traducao,perecamos,"nós destruamos, perecamos, perdamos",,
ἀπολέσωμεν,622,traducao,perdamos,"nós destruamos, perecamos, perdamos",,
ἀποφυγόντας,668,traducao,esçapado,"tendo esçapado, tendo fugido, tendo evitado",,
ἀποφυγόντας,668,pt,esçapado,tendo esçapado,,
ἀριστοβούλου,711,traducao,aristóbulo,de Aristóbulo,,
ἀριστοβούλου,711,pt,aristóbulo,de Aristóbulo,,
ἁρμαγεδών,717,traducao,armagedom,Armagedom,,
ἁρμαγεδών,717,pt,armagedom,Armagedom,,
ἀρτεμᾶν,734,traducao,ártemas,Ártemas,,
ἀρτεμᾶν,734,pt,ártemas,Ártemas,,
ἀσσάρωνα,4565,traducao,sarom,Sarom,,
ἀσσάρωνα,4565,pt,sarom,Sarom,,
ἀστραπτούσαις,797,traducao,pisçando,"pisçando, brilhando, brilhando como um relâmpago",,
ἀστραπτούσαις,797,pt,pisçando,pisçando,,
ἀσύγκριτον,799,traducao,assíncrito,Assíncrito,,
ἀσύγκριτον,799,pt,assíncrito,Assíncrito,,
αὐτοκατάκριτος,843,traducao,autocondenado,autocondenado,,
αὐτοκατάκριτος,843,pt,autocondenado,autocondenado,,
ἀφίστασο,868,traducao,cae,"tu parte, te retira, remove, abandona, cae",,
βαρσαβᾶν,923,traducao,barrabás,Barrabás,,
βαρσαβᾶν,923,pt,barrabás,Barrabás,,
βηθεσδά,964,traducao,betesda,Betesda,,
βηθεσδά,964,pt,betesda,Betesda,,
βηθσφαγὴ,967,traducao,betfagé,Betfagé,,
βηθσφαγὴ,967,pt,betfagé,Betfagé,,
γεθσημανῆ,1068,traducao,getsêmani,Getsêmani,,
γεθσημανῆ,1068,pt,getsêmani,Getsêmani,,
ἐγχρίσῃ,1472,traducao,esfrege,"ele(a) unja, esfrege",,
εἵλετο,138,traducao,prefera,"ele(a) tome, escolha, prefera",,
ἐκλογὴ,1589,traducao,eleiçõe,eleiçõe,,
ἐκλογὴ,1589,pt,eleiçõe,eleiçõe,,
ἐκομισάμην,2865,traducao,carregei,"eu recebi, trouxe, carregei, recuperei",,
ἐκπίπτει,1601,pt,cae,cae,,
ἐκτεθέντα,1620,traducao,expido,"tendo sido expido, tendo sido explicado, tendo sido declarado",,
ἐκτεθέντα,1620,pt,expido,tendo sido expido,,
ἐλισσαίου,1666,traducao,eliseu,do Eliseu,,
ἐλισσαίου,1666,pt,eliseu,do Eliseu,,
ἐλμωδάμ,1678,traducao,elmadam,elmadam,,
ἐλμωδάμ,1678,pt,elmadam,elmadam,,
ἐμμὸρ,1697,traducao,hamor,Hamor,,
ἐμμὸρ,1697,pt,hamor,Hamor,,
ἐμπλησθῶ,1705,traducao,satisfazido,"eu seja preenchido, seja satisfazido, seja cumprido",,
ἐνδόμησις,1739,traducao,edifícia,edifícia,,
ἐνδόμησις,1739,pt,edifícia,edifícia,,
ἔνεδρον,1749,traducao,embosçado,embosçado,,
ἔνεδρον,1749,pt,embosçado,embosçado,,
ἐξέδοτο,1554,traducao,entrege,"ele(a) desista, entrege",,
ἐξείλετο,1807,traducao,entrege,"ele(a) tire, entrege, resgate",,
ἐξείλετό,1807,traducao,entrege,"ele(a) tire, entrege, resgate",,
ἐξειλόμην,1807,traducao,tir,"eu Tir, entreg, resgat",,
ἐξειλόμην,1807,traducao,entreg,"eu Tir, entreg, resgat",,
ἐξειλόμην,1807,traducao,resgat,"eu Tir, entreg, resgat",,
ἐξειλόμην,1807,pt,tir,Tir,,
ἐπαίνετον,1866,traducao,epineto,epineto,,
ἐπαίνετον,1866,pt,epineto,epineto,,
ἐπαναπαύσεται,1879,traducao,desçansará,"ele(a) desçansará, se estabelecerá, confiará em",,
ἐπαναπαύσεται,1879,pt,desçansará,desçansará,,
ἐπέφερον,2018,traducao,impiam,"eles(as) traziam, infligiam, impiam",,
ἐπιμείνῃς,1961,traducao,permaneca,"ele(a) permaneca, continue, persista, fique",,
ἐπιμείνῃς,1961,pt,permaneca,permaneca,,
ἐπιμείνωσιν,1961,traducao,permanecam,"eles(as) permanecam, continuem, persistam, fiquem",,
ἐπιμείνωσιν,1961,pt,permanecam,permanecam,,
ἑρμᾶν,2057,traducao,hermo,hermo,,
ἑρμᾶν,2057,pt,hermo,hermo,,
ἐσθήσεσιν,2066,traducao,vestuárias,às vestuárias,,
ἐσθήσεσιν,2066,pt,vestuárias,às vestuárias,,
ἐσίγησεν,4601,traducao,manteu,"ele(a) ficou em silêncio, manteu o silêncio, manteu a paz",,
ἐσίγησεν,4601,traducao,manteu,"ele(a) ficou em silêncio, manteu o silêncio, manteu a paz",,
ἐτεθνήκει,2348,traducao,estara,"ele(a) morrera, estara morto",,
εὐοδίαν,2136,traducao,euódia,Euódia,,
εὐοδίαν,2136,pt,euódia,Euódia,,
εὕρῃς,2147,traducao,obtas,"tu encontres, descobras, obtas",,
εὐροκλύδων,2148,traducao,euroclydon,euroclydon,,
εὐροκλύδων,2148,pt,euroclydon,euroclydon,,
εὐχὴ,2171,traducao,oraçõe,oraçõe,,
εὐχὴ,2171,pt,oraçõe,oraçõe,,
ἠλάττωσας,1642,traducao,diminuiste,"tu fizeste menos, diminuiste, foste inferior",,
ἡρῳδίωνα,2267,traducao,herodião,herodião,,
ἡρῳδίωνα,2267,pt,herodião,herodião,,
ἰάειρος,2383,traducao,jairo,Jairo,,
ἰάειρος,2383,pt,jairo,Jairo,,
ἰαννά,2388,traducao,jannai,jannai,,
ἰαννά,2388,pt,jannai,jannai,,
ἰαρέδ,2391,traducao,jared,jared,,
ἰαρέδ,2391,pt,jared,jared,,
ἱεραπόλει,2404,traducao,hierápoli,à hierápoli,,
ἱεραπόλει,2404,pt,hierápoli,à hierápoli,,
ἰουλίαν,2456,traducao,júlia,Júlia,,
ἰουλίαν,2456,pt,júlia,Júlia,,
ἰουνίαν,2458,traducao,júnia,Júnia,,
ἰουνίαν,2458,pt,júnia,Júnia,,
ἰσαχάρ,2466,traducao,issacar,Issacar,,
ἰσαχάρ,2466,pt,issacar,Issacar,,
ἰσκαριώτῃ,2469,traducao,isçariote,ao isçariote,,
ἰσκαριώτῃ,2469,pt,isçariote,ao isçariote,,
ἰωνάν,2494,traducao,jonam,jonam,,
ἰωνάν,2494,pt,jonam,jonam,,
ἰωσή,2500,traducao,josé,do José,,
ἰωσή,2500,pt,josé,do José,,
ἰωσῆ,2500,traducao,josé,do José,,
ἰωσῆ,2500,pt,josé,do José,,
καϊνάν,2536,traducao,kainam,kainam,,
καϊνάν,2536,pt,kainam,kainam,,
κακοπαθείας,2552,traducao,sofrimenta,da sofrimenta,,
κακοπαθείας,2552,pt,sofrimenta,da sofrimenta,,
καταλλαγὴ,2643,traducao,reconciliaçõe,reconciliaçõe,,
καταλλαγὴ,2643,pt,reconciliaçõe,reconciliaçõe,,
καταπίῃ,2666,traducao,engola,"ele(a) engola, devore, consuma",,
καταπίῃ,2666,pt,engola,engola,,
καταστήσωμεν,2525,traducao,estabelecamos,"nós nomeemos, fixemos, estabelecamos, constituamos",,
κεγχρεαῖς,2747,traducao,cencréias,às Cencréias,,
κεγχρεαῖς,2747,pt,cencréias,às Cencréias,,
κλαύδην,2802,traducao,cláudia,Cláudia,,
κλαύδην,2802,pt,cláudia,Cláudia,,
κολλύριον,2854,traducao,pomado,pomado para os olhos,,
κολλύριον,2854,pt,pomado,pomado para os olhos,,
κρίνωμεν,2919,traducao,julgemos,"nós julgemos, decidamos, determinemos",,
κρίνωμεν,2919,pt,julgemos,julgemos,,
κυριεύσῃ,2961,traducao,exerca,"ele(a) tenha domínio, governe, domine, exerca autoridade.",,
λαοδικαίων,2994,traducao,laodicéios,dos laodicéios,,
λαοδικαίων,2994,pt,laodicéios,dos laodicéios,,
λατρεία,2999,traducao,serviça,serviça,,
λατρεία,2999,pt,serviça,serviça,,
μαγδαλά,3093,traducao,magadan,Magadan,,
μαγδαλά,3093,pt,magadan,Magadan,,
μαϊνάν,3104,traducao,mainan,mainan,,
μαϊνάν,3104,pt,mainan,mainan,,
ματθάτ,3158,traducao,matthat,matthat,,
ματθάτ,3158,pt,matthat,matthat,,
ματθίαν,3159,traducao,matio,matio,,
ματθίαν,3159,pt,matio,matio,,
μεσίαν,3323,traducao,messio,messio,,
μεσίαν,3323,pt,messio,messio,,
μεσίας,3323,traducao,messio,messio,,
μεσίας,3323,pt,messio,messio,,
μετάληψιν,3336,traducao,participaçõe,participaçõe,,
μετάληψιν,3336,pt,participaçõe,participaçõe,,
μωσέα,3475,traducao,moisé,Moisé,,
μωσέα,3475,pt,moisé,Moisé,,
μωσῇ,3475,traducao,moisé,ao Moisé,,
μωσῇ,3475,pt,moisé,ao Moisé,,
μωσῆν,3475,traducao,moisé,Moisé,,
μωσῆν,3475,pt,moisé,Moisé,,
ναθάν,3481,traducao,nathan,nathan,,
ναθάν,3481,pt,nathan,nathan,,
νεεμὰν,3497,traducao,naamã,Naamã,,
νεεμὰν,3497,pt,naamã,Naamã,,
νηρέα,3517,traducao,nereu,Nereu,,
νηρέα,3517,pt,nereu,Nereu,,
νικήσῃς,3528,traducao,prevalecas,"tu conquistes, superes, prevalecas, obtas vitória",,
νικήσῃς,3528,traducao,obtas,"tu conquistes, superes, prevalecas, obtas vitória",,
νικόπολιν,3533,traducao,nicópoli,Nicópoli,,
νικόπολιν,3533,pt,nicópoli,Nicópoli,,
νινευῒ,3535,traducao,nínive,nínive,,
νινευῒ,3535,pt,nínive,nínive,,
ὁμολογήσῃς,3670,traducao,reconhecas,"tu confesses, reconhecas, concordes",,
ὁμολογῶ,3670,traducao,reconheco,"eu confesso, reconheco, concordo",,
παλιγγενεσίᾳ,3824,traducao,regeneraçõe,à regeneraçõe,,
παλιγγενεσίᾳ,3824,pt,regeneraçõe,à regeneraçõe,,
παλιγγενεσίας,3824,traducao,regeneraçõe,da regeneraçõe,,
παλιγγενεσίας,3824,pt,regeneraçõe,da regeneraçõe,,
παραρρυῶμεν,3901,traducao,esçapado,"se tendo afastado, tendo esçapado, tendo fluido",,
παρέδωκας,3860,traducao,traiste,"tu entregaste, traiste, confiaste",,
περσίδα,4069,traducao,persi,persi,,
περσίδα,4069,pt,persi,persi,,
πέσητε,4098,traducao,perecais,"vós caiais, desçais, perecais, falheis",,
πέσωσιν,4098,traducao,perecam,"eles(as) caiam, desçam, perecam, falhem",,
πισιδίας,4099,traducao,pisídia,da Pisídia,,
πισιδίας,4099,pt,pisídia,da Pisídia,,
πλημμύρας,4132,traducao,inundaçõe,da inundaçõe,,
πλημμύρας,4132,pt,inundaçõe,da inundaçõe,,
ποντίῳ,4194,traducao,pôncio,ao Pôncio,,
ποντίῳ,4194,pt,pôncio,ao Pôncio,,
προαιρεῖται,4255,traducao,prope,"ele(a) escolhe de antemão, prefere, prope",,
πρόνοιαν,4307,traducao,previsõe,previsõe,,
πρόνοιαν,4307,pt,previsõe,previsõe,,
προσκαλεσάσθω,4341,traducao,convoce,"ele(a) chame a si mesmo, convoce, convide",,
πρόσκλησιν,4346,traducao,inclinaçõe,inclinaçõe,,
πρόσκλησιν,4346,pt,inclinaçõe,inclinaçõe,,
προσφέρωσιν,4374,traducao,oferecam,"eles(as) tragam, oferecam, apresentem",,
πώρωσις,4457,traducao,endurecimenta,endurecimenta,,
πώρωσις,4457,pt,endurecimenta,endurecimenta,,
ῥεμφάν,4481,traducao,remfano,remfano,,
ῥεμφάν,4481,pt,remfano,remfano,,
ῥουβίμ,4502,traducao,ruben,Ruben,,
ῥουβίμ,4502,pt,ruben,Ruben,,
σατᾶν,4566,traducao,sataná,sataná,,
σατᾶν,4566,pt,sataná,sataná,,
σπανίαν,4681,traducao,espanha,Espanha,,
σπανίαν,4681,pt,espanha,Espanha,,
στεναγμοῖς,4726,traducao,gemendos,aos gemendos,,
στεναγμοῖς,4726,pt,gemendos,aos gemendos,,
σύμφημι,4852,traducao,reuno,"eu reuno, sou lucrativo, sou conveniente.",,
σύμφημι,4852,pt,reuno,reuno,,
συναναπαύσωμαι,4875,traducao,desçansar,"desçansar, encontrar desçanso juntos",,
συναναπαύσωμαι,4875,traducao,desçanso,"desçansar, encontrar desçanso juntos",,
συναναπαύσωμαι,4875,pt,desçansar,desçansar,,
συνίστημι,4921,traducao,estabeleco,"eu elogio, estabeleco, demonstro, provo, manto unido",,
συραφοινίκισσα,4949,traducao,sirofenícia,mulher sirofenícia,,
συραφοινίκισσα,4949,pt,sirofenícia,mulher sirofenícia,,
σύρτην,4950,traducao,sirti,sirti,,
σύρτην,4950,pt,sirti,sirti,,
σωσίπατρος,4989,traducao,sosípatro,Sosípatro,,
σωσίπατρος,4989,pt,sosípatro,Sosípatro,,
ταβηθά,5000,traducao,tabito,Tabito,,
ταβηθά,5000,pt,tabito,Tabito,,
τεσσαρακονταετῆ,5063,traducao,quarento,quarento anos,,
τεσσαρακονταετῆ,5063,pt,quarento,quarento anos,,
τεσσαρακονταετὴς,5063,traducao,quarento,quarento anos,,
τεσσαρακονταετὴς,5063,pt,quarento,quarento anos,,
τετηρήκασιν,5083,traducao,manteram,"eles(as) manteram, guardaram, observaram, zelaram",,
τετηρήκασιν,5083,pt,manteram,manteram,,
τετράρχου,5076,traducao,tetrarco,do tetrarco,,
τετράρχου,5076,pt,tetrarco,do tetrarco,,
τραπεζίταις,5133,traducao,doladores,aos doladores de dinheiro,,
τραπεζίταις,5133,pt,doladores,aos doladores de dinheiro,,
τρέφηται,5142,traducao,educe,"ele(a) nutra, alimente, educe",,
ὑπέθηκαν,5294,traducao,properam,"eles(as) estabeleceram, sugeriram, properam, definiram antes",,
ὑποπιάζῃ,5299,traducao,esbofetee,"ele(a) ataque sob os olhos, esbofetee, discipline",,
ὑποπιάζῃ,5299,pt,atace,atace sob os olhos,,
φάλεγ,5317,traducao,pelegue,Pelegue,,
φάλεγ,5317,pt,pelegue,Pelegue,,
φλέγοντα,5393,traducao,flégon,flégon,,
φλέγοντα,5393,pt,flégon,flégon,,
φοίβην,5402,traducao,febe,Febe,,
φοίβην,5402,pt,febe,Febe,,
φρόνημα,5427,traducao,mindset,mindset,,
φρόνημα,5427,pt,mindset,mindset,,
χερουβὶμ,5502,traducao,querubin,querubin,,
χερουβὶμ,5502,pt,querubin,querubin,,
χορηγήσαι,5524,traducao,forneca,ele(a) forneca,,
χορηγήσαι,5524,pt,forneca,forneca,,
ψαλλέτω,5567,traducao,toce,"ele(a) cante, faça melodia, toce instrumento de cordas.",,
ὡσηὲ,5617,traducao,oséio,oséio,,
ὡσηὲ,5617,pt,oséio,oséio,,
