grego;strongs;campo;palavra_suspeita;texto_contexto;sugestao;decisao
ἐθαύμασεν;2296;traducao;peu;ele(a) se maravilhou, peu implicação, admirou;REVISAR MANUALMENTE;por
μέλλετε;3195;traducao;estáis;vós estáis prestes a, pretendeis, estáis destinado;REVISAR MANUALMENTE;estais
ὀφείλετε;3784;traducao;estáis;vós deveis, estáis em dívida, estáis obrigado;REVISAR MANUALMENTE;estais
πάρεστε;3918;traducao;estáis;vós estáis presente, estáis perto, vindes;REVISAR MANUALMENTE;estais
ἐσίγησεν;4601;traducao;manteu;ele(a) ficou em silêncio, manteu o silêncio, manteu a paz;REVISAR MANUALMENTE;manteve
στενοχωρεῖσθε;4729;traducao;estáis;vós estáis angustiado, estáis em dificuldade, estáis em um lugar estreito;REVISAR MANUALMENTE;estais
στενοχωρεῖσθε;4729;traducao;estáis;vós estáis angustiado, estáis em dificuldade, estáis em um lugar estreito;REVISAR MANUALMENTE;estais
ὑπωπιάζῃ;5299;pt;atace;atace sob os olhos;REVISAR MANUALMENTE;ataque
ὑποπιάζῃ;5299;pt;atace;atace sob os olhos;REVISAR MANUALMENTE;ataque
